nameseq,A_AAA,A_AAC,A_AAG,A_AAT,A_ACA,A_ACC,A_ACG,A_ACT,A_AGA,A_AGC,A_AGG,A_AGT,A_ATA,A_ATC,A_ATG,A_ATT,A_CAA,A_CAC,A_CAG,A_CAT,A_CCA,A_CCC,A_CCG,A_CCT,A_CGA,A_CGC,A_CGG,A_CGT,A_CTA,A_CTC,A_CTG,A_CTT,A_GAA,A_GAC,A_GAG,A_GAT,A_GCA,A_GCC,A_GCG,A_GCT,A_GGA,A_GGC,A_GGG,A_GGT,A_GTA,A_GTC,A_GTG,A_GTT,A_TAA,A_TAC,A_TAG,A_TAT,A_TCA,A_TCC,A_TCG,A_TCT,A_TGA,A_TGC,A_TGG,A_TGT,A_TTA,A_TTC,A_TTG,A_TTT,C_AAA,C_AAC,C_AAG,C_AAT,C_ACA,C_ACC,C_ACG,C_ACT,C_AGA,C_AGC,C_AGG,C_AGT,C_ATA,C_ATC,C_ATG,C_ATT,C_CAA,C_CAC,C_CAG,C_CAT,C_CCA,C_CCC,C_CCG,C_CCT,C_CGA,C_CGC,C_CGG,C_CGT,C_CTA,C_CTC,C_CTG,C_CTT,C_GAA,C_GAC,C_GAG,C_GAT,C_GCA,C_GCC,C_GCG,C_GCT,C_GGA,C_GGC,C_GGG,C_GGT,C_GTA,C_GTC,C_GTG,C_GTT,C_TAA,C_TAC,C_TAG,C_TAT,C_TCA,C_TCC,C_TCG,C_TCT,C_TGA,C_TGC,C_TGG,C_TGT,C_TTA,C_TTC,C_TTG,C_TTT,G_AAA,G_AAC,G_AAG,G_AAT,G_ACA,G_ACC,G_ACG,G_ACT,G_AGA,G_AGC,G_AGG,G_AGT,G_ATA,G_ATC,G_ATG,G_ATT,G_CAA,G_CAC,G_CAG,G_CAT,G_CCA,G_CCC,G_CCG,G_CCT,G_CGA,G_CGC,G_CGG,G_CGT,G_CTA,G_CTC,G_CTG,G_CTT,G_GAA,G_GAC,G_GAG,G_GAT,G_GCA,G_GCC,G_GCG,G_GCT,G_GGA,G_GGC,G_GGG,G_GGT,G_GTA,G_GTC,G_GTG,G_GTT,G_TAA,G_TAC,G_TAG,G_TAT,G_TCA,G_TCC,G_TCG,G_TCT,G_TGA,G_TGC,G_TGG,G_TGT,G_TTA,G_TTC,G_TTG,G_TTT,T_AAA,T_AAC,T_AAG,T_AAT,T_ACA,T_ACC,T_ACG,T_ACT,T_AGA,T_AGC,T_AGG,T_AGT,T_ATA,T_ATC,T_ATG,T_ATT,T_CAA,T_CAC,T_CAG,T_CAT,T_CCA,T_CCC,T_CCG,T_CCT,T_CGA,T_CGC,T_CGG,T_CGT,T_CTA,T_CTC,T_CTG,T_CTT,T_GAA,T_GAC,T_GAG,T_GAT,T_GCA,T_GCC,T_GCG,T_GCT,T_GGA,T_GGC,T_GGG,T_GGT,T_GTA,T_GTC,T_GTG,T_GTT,T_TAA,T_TAC,T_TAG,T_TAT,T_TCA,T_TCC,T_TCG,T_TCT,T_TGA,T_TGC,T_TGG,T_TGT,T_TTA,T_TTC,T_TTG,T_TTT,label
PS-109_ragout_na_PS-130_scaffolds_in_unplaced_S1B_chr/531944-532030,3,1,1,1,1,1,0,1,0,1,0,0,0,0,0,0,1,0,1,0,0,1,0,1,0,0,0,0,1,1,0,0,1,0,0,1,0,1,0,0,0,1,0,0,0,0,0,0,1,0,0,0,1,0,0,0,1,0,0,1,0,0,0,0,2,0,0,0,0,1,0,0,0,0,0,1,0,1,1,0,0,0,0,0,0,0,0,1,0,0,0,0,1,1,0,1,0,0,0,0,0,0,0,1,1,0,0,0,0,0,2,0,1,2,0,0,0,2,0,1,0,1,0,1,1,0,1,0,0,0,1,0,0,0,0,0,0,0,0,0,1,1,0,0,0,0,1,0,0,0,1,1,0,0,0,0,0,1,0,0,1,0,0,0,0,1,0,0,0,0,0,0,0,0,1,0,0,2,0,0,0,1,0,0,0,0,0,0,0,0,0,0,3,0,0,1,0,0,1,0,0,0,1,0,0,0,0,0,0,0,0,1,2,0,0,2,0,0,1,1,1,0,0,2,0,0,0,0,0,0,0,0,0,0,0,0,0,1,0,0,0,0,0,0,0,1,0,1,1,0,0,0,0,1,0,0,predict
PS-109_ragout_na_PS-130_scaffolds_in_unplaced_S1B_chr/470877-470791,3,2,2,0,3,0,0,0,0,1,0,1,0,0,0,0,1,1,0,0,0,1,1,0,1,0,0,1,0,1,0,0,1,1,0,0,0,2,0,0,0,0,0,0,0,1,0,0,0,0,0,0,0,0,1,0,0,1,0,1,0,0,1,0,2,0,1,0,0,1,1,0,1,0,0,0,0,1,0,0,2,0,0,0,0,0,2,0,0,1,0,0,1,1,1,0,1,0,0,0,0,0,2,1,0,0,0,1,0,0,1,0,0,1,0,0,1,0,0,1,0,0,0,0,0,0,0,0,1,0,1,0,1,0,0,0,0,1,0,0,0,0,0,1,1,1,0,0,0,0,0,1,0,1,1,0,0,1,0,0,1,0,0,0,0,1,0,0,0,1,0,0,0,0,1,0,0,0,0,0,0,1,0,0,0,0,0,1,0,0,0,0,1,1,0,2,0,0,0,1,0,0,0,0,0,0,0,0,0,0,0,0,0,0,0,1,1,0,1,0,0,0,0,0,0,0,0,0,0,0,0,0,0,0,0,0,1,1,0,0,1,0,0,0,1,0,0,0,1,0,0,0,0,0,0,0,predict
PS-109_ragout_na_PS-130_scaffolds_in_unplaced_S1B_chr/2066743-2066851,0,0,0,0,1,0,5,0,1,0,0,0,0,0,0,0,0,0,0,0,0,0,1,0,0,1,0,1,0,0,1,0,1,1,1,0,2,2,0,0,0,1,0,0,1,0,1,1,0,1,0,0,0,0,0,0,0,0,0,2,0,0,1,0,0,1,1,1,0,0,0,0,0,0,0,0,1,0,2,0,2,0,0,0,0,0,0,2,1,1,0,0,0,0,0,0,1,0,0,1,0,0,0,0,0,0,0,0,0,0,0,0,0,1,1,0,1,0,1,0,0,0,0,1,2,0,0,2,2,0,1,0,1,0,0,0,0,0,0,0,1,1,1,1,1,0,0,1,0,0,0,0,1,0,0,2,0,1,0,2,0,0,0,1,1,0,0,1,0,1,0,1,1,0,2,0,0,0,0,0,0,0,0,0,2,1,0,1,0,0,1,0,0,0,0,2,0,0,0,0,0,2,1,0,0,0,1,0,0,2,0,1,0,0,0,1,0,1,0,0,0,0,0,0,0,0,0,0,1,2,1,0,0,1,0,0,0,0,2,0,1,1,0,1,0,0,0,0,0,1,3,1,0,0,0,0,predict
PS-109_ragout_na_PS-130_scaffolds_in_unplaced_S1B_chr/2537119-2537385,4,0,1,0,2,2,0,1,3,1,2,0,3,2,0,2,0,2,0,1,2,1,0,1,0,2,1,0,2,1,0,1,1,0,2,0,0,2,1,1,0,1,4,2,1,2,1,1,0,1,1,0,1,2,0,1,1,1,0,2,0,2,2,1,3,1,1,1,1,1,0,0,0,3,1,0,2,0,2,0,1,0,0,0,1,1,1,4,0,1,1,0,0,2,1,2,1,0,2,0,2,0,1,2,2,2,0,0,0,0,0,0,0,0,1,4,0,0,0,1,2,0,1,1,0,0,2,4,0,2,1,2,0,0,3,1,0,2,1,1,1,0,1,1,1,0,2,1,2,0,1,1,1,1,1,1,3,0,2,1,2,1,0,0,0,2,0,2,1,1,1,2,1,0,2,1,2,0,1,0,0,2,0,1,2,1,2,0,3,0,1,0,2,0,1,3,0,0,2,1,1,0,2,1,0,0,1,1,2,2,1,2,0,1,0,0,0,0,1,0,1,1,1,1,1,4,1,0,2,2,0,1,1,0,1,1,1,1,0,2,2,1,3,2,1,0,2,1,1,2,0,2,0,1,2,1,predict
PS-109_ragout_na_PS-130_scaffolds_in_unplaced_S1B_chr/608853-608787,1,0,0,0,0,1,0,0,0,0,1,0,0,0,1,0,0,1,0,0,0,0,0,0,0,1,0,0,0,1,2,0,0,0,0,0,0,0,0,0,1,0,0,0,0,0,0,2,0,0,0,0,0,0,0,0,0,0,1,0,0,1,0,0,0,0,0,0,0,0,0,0,0,0,0,0,0,0,0,0,0,0,1,1,0,0,1,1,0,1,1,0,0,0,0,0,0,0,0,0,1,0,1,0,0,0,0,1,0,0,2,0,0,0,0,0,0,0,1,1,0,2,0,1,0,0,0,0,0,0,0,0,0,0,0,0,0,0,0,0,0,2,0,0,0,1,0,0,0,0,0,1,0,0,0,1,0,0,0,0,0,2,0,0,1,0,0,0,0,0,0,1,0,1,1,0,1,0,0,0,2,0,0,0,1,0,0,0,1,0,0,0,0,0,1,1,2,2,0,0,0,0,0,1,0,0,0,0,0,1,1,0,0,0,0,0,0,0,0,1,0,0,0,0,0,0,0,1,0,0,1,0,0,0,0,0,0,0,1,0,0,0,0,0,0,0,1,0,1,0,0,1,0,0,0,0,predict
PS-109_ragout_na_PS-130_scaffolds_in_unplaced_S1B_chr/3685242-3685176,0,0,1,0,1,1,0,0,0,0,1,0,0,1,1,0,0,2,0,0,0,0,0,1,0,1,1,0,0,0,0,0,1,0,0,0,0,0,1,1,1,1,0,0,0,0,0,0,0,0,0,0,0,0,0,0,0,1,0,0,0,0,0,0,2,0,0,0,0,0,0,0,0,0,0,0,0,0,0,0,0,0,0,1,0,0,2,0,0,0,0,0,0,0,0,0,0,0,0,0,0,2,1,1,0,0,0,0,0,1,1,0,1,0,1,0,2,2,0,0,0,1,0,1,0,0,0,0,1,1,0,0,0,0,1,0,0,0,0,0,0,0,0,0,0,0,0,1,0,0,0,1,0,0,1,2,2,0,0,0,0,0,0,0,0,0,0,0,0,1,0,0,0,1,0,0,1,0,0,0,0,0,0,0,0,0,0,0,1,0,0,0,1,1,0,1,1,0,0,0,0,0,1,0,0,1,0,0,0,0,0,0,0,0,0,1,0,0,0,0,0,0,2,1,0,0,0,0,0,0,0,0,0,1,0,0,0,0,0,0,0,0,0,0,0,0,0,0,1,0,0,0,0,0,0,0,predict
PS-109_ragout_na_PS-130_scaffolds_in_unplaced_S1B_chr/707880-707814,2,1,1,0,0,1,1,1,1,1,0,0,0,0,0,0,0,0,1,0,0,0,0,1,0,2,1,1,1,0,0,0,0,1,0,0,0,1,0,0,0,0,0,0,0,0,0,0,0,0,1,0,0,0,0,0,0,0,0,0,0,0,0,0,1,1,0,0,0,0,0,0,1,1,0,0,0,0,0,0,1,0,0,1,0,0,2,0,0,0,0,0,0,0,1,0,0,0,0,0,1,0,2,3,0,0,0,0,0,1,0,0,0,0,0,0,0,2,0,0,0,2,0,0,0,0,0,0,1,0,0,0,0,0,0,0,0,0,0,0,0,1,0,0,0,1,0,0,1,0,0,1,0,1,0,0,1,0,0,0,0,0,0,0,0,0,1,0,0,1,0,0,0,1,0,0,1,0,0,0,1,0,0,0,0,0,0,1,0,0,0,0,3,0,0,0,0,1,0,0,0,0,0,0,0,0,0,0,0,0,0,0,0,0,0,0,0,0,1,0,0,1,2,0,0,0,1,0,0,0,0,0,0,0,0,0,0,0,0,0,0,0,0,0,1,0,0,0,0,0,0,0,0,0,0,0,predict
PS-109_ragout_na_PS-130_scaffolds_in_unplaced_S1B_chr/313812-313878,0,0,0,0,0,0,1,0,0,0,0,0,0,1,0,1,1,1,0,0,0,0,0,1,0,1,1,0,0,0,0,0,0,0,0,0,0,1,1,0,0,1,0,0,0,0,1,0,0,0,0,0,0,0,0,1,0,0,1,0,0,1,0,0,2,0,1,0,0,0,1,0,0,0,0,0,0,0,0,0,0,0,1,1,0,0,1,0,0,0,0,0,0,0,0,0,0,0,0,0,0,1,0,1,0,1,0,0,0,1,1,0,1,0,0,0,2,2,1,0,0,1,0,1,0,0,0,0,0,0,0,0,0,0,0,0,0,0,0,1,0,1,0,0,0,0,0,1,0,0,0,1,0,0,0,3,2,0,0,0,0,0,0,0,0,0,0,0,1,0,0,0,0,1,0,0,1,0,0,0,1,0,0,0,0,0,0,0,0,0,0,0,0,2,0,1,1,0,0,0,0,0,1,0,0,1,0,0,0,0,0,0,0,0,0,1,0,0,0,0,0,1,2,0,0,0,0,1,0,0,0,0,0,0,0,0,0,1,0,0,0,0,0,0,1,0,0,0,1,0,0,0,0,0,0,0,predict
PS-109_ragout_na_PS-130_scaffolds_in_unplaced_S1B_chr/986721-986787,0,0,0,0,1,1,0,0,0,1,0,0,0,1,1,0,0,2,0,0,0,0,0,1,0,1,1,0,0,0,0,0,1,0,0,0,0,0,1,1,1,0,1,0,0,0,0,0,0,0,0,0,0,0,0,0,0,1,0,0,0,0,0,0,2,1,0,0,0,0,0,0,0,0,0,0,0,0,0,0,1,0,0,1,0,0,1,0,0,0,0,0,0,0,1,0,0,0,0,0,0,1,1,2,0,0,0,0,0,1,1,0,0,0,1,0,1,2,0,0,0,1,0,1,0,0,0,0,0,0,0,0,1,0,0,0,0,0,1,0,0,0,0,0,0,0,1,1,1,0,0,1,0,0,0,1,1,0,0,0,0,1,0,0,0,0,0,0,0,1,0,0,0,1,0,0,1,0,0,0,0,0,0,0,1,0,0,1,1,0,0,0,0,0,1,1,1,0,0,0,0,0,1,0,0,1,0,0,0,0,0,0,0,1,0,0,0,0,0,0,0,0,2,1,0,0,0,0,0,0,0,0,0,1,0,0,0,0,0,0,0,0,0,0,1,0,0,0,1,0,0,0,0,0,0,0,predict
PS-109_ragout_na_PS-130_scaffolds_in_unplaced_S1B_chr/3741028-3740960,0,0,0,0,0,0,0,0,0,0,1,0,0,0,0,0,0,0,0,0,1,0,0,1,0,1,0,1,0,0,0,0,1,1,0,0,1,0,2,0,0,1,0,0,0,0,0,0,0,0,0,0,0,0,0,0,2,0,0,0,0,0,0,0,0,0,1,1,0,0,0,0,0,1,0,0,0,0,0,0,1,0,1,0,0,0,0,1,0,0,0,0,0,0,0,0,1,0,0,0,0,2,0,1,0,0,0,0,0,0,0,0,0,0,0,0,0,2,0,1,1,1,0,0,0,2,1,1,0,0,1,0,0,0,1,0,0,1,0,0,0,0,1,0,0,0,0,0,0,1,0,1,0,0,1,0,1,0,1,1,0,0,0,0,0,0,0,0,0,1,0,0,0,1,1,0,1,0,0,0,0,0,0,0,0,0,0,0,0,0,0,0,1,1,0,1,0,1,0,0,0,0,0,0,0,0,1,0,0,0,0,0,0,0,0,2,0,0,0,0,0,1,1,2,1,0,0,0,0,0,0,0,0,0,0,0,0,0,1,0,0,0,0,0,0,1,0,0,2,0,0,2,0,0,0,0,predict
PS-109_ragout_na_PS-130_scaffolds_in_unplaced_S1B_chr/4109999-4109946,0,0,1,0,0,0,0,0,0,0,0,0,1,0,0,1,0,0,0,0,0,0,0,0,1,1,2,0,0,0,0,0,1,0,1,1,0,0,0,0,1,0,0,1,0,0,1,0,0,0,0,0,1,0,0,0,1,0,0,0,0,0,1,0,0,0,1,0,0,0,1,0,0,0,0,0,0,0,0,0,0,0,0,0,0,0,0,0,0,0,0,0,0,0,0,0,1,0,0,0,0,0,1,0,1,0,0,0,1,0,0,0,0,0,0,1,0,0,0,0,0,0,0,0,0,0,0,0,0,1,0,0,0,1,1,0,0,0,0,2,1,0,0,0,1,0,0,1,0,0,0,0,0,0,0,0,0,0,0,0,0,0,1,0,0,0,0,0,1,0,0,0,0,1,0,1,1,1,0,0,0,0,0,0,1,0,0,0,0,0,0,0,0,1,0,0,1,0,0,0,0,1,2,0,0,0,0,0,0,0,1,0,0,0,1,0,0,0,0,0,0,0,0,0,0,1,0,0,0,0,0,0,0,0,0,0,0,0,0,0,0,0,0,0,1,0,0,0,0,0,0,1,0,1,0,0,predict
PS-109_ragout_na_PS-130_scaffolds_in_unplaced_S1B_chr/1188305-1188419,3,0,0,1,3,1,0,0,0,0,0,0,1,0,1,3,1,1,0,1,0,3,1,0,0,1,0,1,0,0,0,0,1,1,0,0,0,0,0,0,0,0,0,0,0,0,0,0,0,1,0,0,0,0,0,0,1,0,0,0,0,1,1,1,0,2,0,0,0,0,0,0,0,0,0,0,0,1,0,0,1,0,0,1,0,1,0,2,0,1,2,0,0,0,0,3,0,0,0,0,0,0,2,0,0,1,0,0,0,0,1,1,0,0,0,2,0,1,0,0,1,0,0,0,2,0,2,2,1,1,0,1,0,0,0,0,0,0,0,0,0,0,0,0,0,0,0,1,0,0,1,0,0,1,0,1,0,0,0,0,2,0,0,0,0,0,1,1,0,0,0,1,0,0,0,0,1,0,0,0,1,0,0,0,0,0,0,1,1,1,1,1,3,0,1,0,1,2,0,0,1,0,0,0,0,2,0,0,0,0,0,0,1,2,1,0,0,0,0,0,0,1,0,1,0,1,0,1,0,0,0,0,0,0,0,0,0,1,0,3,0,0,0,0,0,2,1,2,2,0,0,2,0,0,1,1,predict
PS-109_ragout_na_PS-130_scaffolds_in_unplaced_S1B_chr/1505667-1505871,8,1,3,1,0,0,0,0,3,1,0,2,0,0,4,4,1,0,0,2,1,0,1,0,1,0,0,1,0,0,0,1,4,0,3,3,1,2,2,1,1,0,2,0,0,2,1,0,3,1,0,1,1,0,0,0,1,1,1,3,1,1,1,2,1,0,3,1,1,0,1,0,1,0,0,0,0,0,2,2,0,0,0,1,0,0,0,0,0,0,0,0,0,0,0,0,0,1,0,0,1,0,1,1,0,0,0,0,0,0,0,1,0,0,0,0,0,0,0,0,0,3,0,1,3,1,1,2,1,2,1,3,1,0,1,1,2,1,0,0,1,0,2,0,4,0,0,1,0,0,0,1,0,1,0,0,0,0,0,1,2,1,0,1,0,0,0,0,2,1,0,0,2,0,0,1,0,1,0,0,0,0,0,0,3,1,1,0,0,0,3,3,3,0,4,1,1,0,0,1,2,2,0,0,1,0,1,1,3,0,0,1,1,0,0,0,1,0,2,0,0,0,2,2,2,0,0,1,1,1,0,1,0,0,1,1,0,0,0,1,1,0,0,1,3,1,0,0,1,1,1,0,0,1,1,2,predict
PS-109_ragout_na_PS-130_scaffolds_in_unplaced_S1B_chr/1901687-1901410,3,1,1,2,2,1,1,1,0,0,1,1,1,1,1,3,3,2,2,1,0,1,0,0,0,0,1,0,1,1,2,0,3,0,0,1,1,0,0,2,3,1,0,0,2,2,0,0,1,0,1,2,2,2,0,1,0,1,1,0,1,3,0,6,3,1,1,2,1,1,0,1,0,0,1,0,2,0,0,2,1,0,0,2,1,1,1,4,1,0,1,1,1,2,1,2,0,0,1,0,0,2,1,0,1,2,2,1,0,0,1,2,0,1,0,0,1,2,0,4,0,1,0,2,2,0,4,4,2,0,1,1,0,2,1,0,0,2,2,0,1,0,2,3,0,1,0,0,1,0,2,3,0,1,2,0,0,2,1,1,0,0,0,1,3,0,1,1,1,1,0,0,0,0,0,0,2,1,0,0,0,0,0,2,0,0,1,2,0,1,0,2,3,1,1,3,1,0,0,0,0,3,1,1,1,1,1,1,3,2,0,3,3,1,0,0,0,1,0,0,0,4,0,3,1,0,2,0,2,3,0,0,0,2,0,1,0,1,0,2,1,2,2,2,2,2,1,2,3,1,2,1,3,2,2,5,predict
PS-109_ragout_na_PS-130_scaffolds_in_unplaced_S1B_chr/2476956-2477116,5,1,2,0,0,0,0,1,2,1,0,1,0,0,2,1,0,0,1,2,1,1,0,0,0,0,1,0,0,1,0,0,3,0,1,1,0,2,1,0,0,0,0,0,0,1,1,0,1,0,0,2,3,1,0,0,1,0,0,1,1,1,0,4,1,0,2,1,0,0,0,0,2,0,0,0,0,0,0,1,0,0,0,0,0,0,1,0,0,0,1,0,1,0,0,0,1,2,0,1,0,0,0,1,1,1,2,0,0,1,0,0,0,0,0,0,0,0,0,0,1,0,0,0,0,1,2,4,1,0,2,1,0,0,0,0,0,1,0,0,0,2,0,1,3,1,1,0,0,0,0,0,0,0,0,0,0,0,2,2,0,0,0,1,1,0,0,1,0,1,1,0,0,0,0,1,0,0,0,0,1,1,0,1,1,1,0,0,1,0,0,1,3,0,0,3,1,0,0,2,1,1,0,0,0,2,2,3,1,0,0,0,0,0,1,2,0,0,2,0,1,0,0,2,2,1,0,0,0,0,0,0,0,0,0,1,0,0,0,0,1,0,0,1,2,1,1,1,4,0,0,1,1,3,1,2,predict
PS-109_ragout_na_PS-130_scaffolds_in_unplaced_S1B_chr/2044164-2044283,3,2,2,0,0,0,0,0,1,1,0,0,1,1,1,0,0,1,2,0,1,0,0,1,0,1,0,1,1,0,1,1,1,0,0,1,0,0,1,0,0,0,1,0,1,0,0,1,0,0,0,2,0,0,0,0,0,0,0,1,0,1,0,2,0,0,0,0,0,0,0,0,1,0,1,0,2,0,0,1,0,1,0,0,1,0,1,0,0,0,0,1,0,0,0,0,1,0,0,0,0,0,0,0,0,0,1,1,0,0,1,1,0,0,1,0,0,0,0,0,0,0,1,1,0,0,0,2,0,0,1,2,0,1,1,0,0,0,0,1,0,1,0,0,1,0,0,0,0,0,0,0,0,0,0,0,0,0,1,0,0,0,0,1,3,0,0,0,0,0,0,0,1,1,1,0,0,0,0,1,0,0,0,1,0,0,1,0,1,1,0,1,1,1,0,0,0,3,0,1,1,0,0,0,2,0,0,1,1,1,0,0,0,0,0,0,0,0,0,0,0,0,0,2,0,0,0,0,0,0,0,0,0,1,0,1,0,0,2,0,4,0,0,2,2,0,0,3,1,1,0,2,1,1,1,4,predict
PS-109_ragout_na_PS-130_scaffolds_in_unplaced_S1B_chr/2629523-2629628,0,1,0,0,0,0,0,1,0,1,0,0,0,1,1,2,1,0,1,1,0,1,0,1,0,0,0,1,0,0,0,0,0,0,0,0,2,1,0,0,0,0,0,0,0,0,0,0,0,0,1,1,1,2,0,0,0,0,1,0,0,1,0,1,0,0,1,1,0,0,0,0,0,0,0,0,2,2,0,0,0,0,0,1,1,1,0,0,1,1,0,0,1,0,0,0,0,0,0,1,0,1,1,0,1,1,0,1,1,0,0,1,0,0,0,2,0,1,0,0,0,1,0,0,1,0,0,2,1,0,0,1,0,0,0,0,1,0,0,0,0,0,0,1,1,0,0,0,0,0,1,0,0,1,3,0,0,0,0,0,0,0,0,2,0,1,1,0,0,0,1,0,0,0,0,0,0,1,0,0,0,0,0,0,0,0,0,0,0,0,1,4,0,0,0,0,1,0,0,0,1,0,0,1,1,1,0,1,1,0,1,1,0,0,2,1,0,0,0,0,0,2,0,1,0,0,0,1,0,0,1,0,0,1,0,0,0,0,1,0,1,0,0,0,3,0,1,1,0,1,0,0,1,2,0,0,predict
PS-109_ragout_na_PS-130_scaffolds_in_unplaced_S1B_chr/3122587-3122649,1,0,1,0,0,0,0,0,0,0,2,0,0,0,0,0,1,0,0,0,0,0,0,0,0,0,0,0,0,0,0,1,0,0,0,0,0,0,1,1,0,1,0,1,0,0,0,1,0,0,0,1,0,1,0,0,0,0,1,0,0,0,0,0,2,1,1,0,0,0,0,0,0,0,0,1,0,0,0,0,0,0,0,0,0,2,0,1,0,0,0,0,0,0,0,1,0,0,0,0,0,0,0,0,0,0,0,0,0,0,0,0,0,0,0,1,0,0,0,0,0,0,0,0,0,1,0,3,0,0,0,0,1,0,0,0,0,0,0,0,0,1,1,1,0,0,0,0,0,0,0,0,0,0,0,0,0,0,0,1,1,0,0,0,0,0,0,0,0,0,0,0,0,0,0,0,0,0,0,0,0,0,1,0,0,1,0,0,0,1,0,1,0,0,0,0,0,0,0,0,0,0,0,0,0,0,0,1,0,0,0,0,0,2,0,0,1,0,0,1,1,0,0,0,0,0,0,1,0,0,0,0,1,0,0,0,2,0,0,0,0,0,1,1,0,0,0,2,0,0,0,0,1,1,1,3,predict
PS-109_ragout_na_PS-130_scaffolds_in_unplaced_S1B_chr/580032-579833,5,1,2,3,2,0,1,1,0,1,2,0,4,2,0,2,4,1,0,1,0,0,0,1,0,0,0,1,1,0,0,2,1,1,0,4,2,0,0,0,1,1,2,0,0,0,0,0,2,0,3,1,3,1,0,2,1,1,0,0,1,1,2,3,2,1,0,3,2,0,0,0,1,0,0,0,2,0,1,2,0,0,1,2,0,0,0,0,0,0,1,0,0,0,1,0,0,0,0,0,0,1,0,2,0,1,0,0,0,0,0,1,0,0,0,2,0,1,0,0,0,1,0,0,0,1,0,3,0,0,0,1,2,0,1,0,0,0,2,0,0,0,1,2,1,2,0,0,1,0,0,0,0,0,0,0,1,0,1,0,0,0,1,1,0,0,0,0,2,0,0,0,0,0,1,0,1,0,0,1,1,0,0,0,1,0,2,0,3,0,1,1,5,1,0,1,0,1,0,1,0,0,0,1,1,4,2,3,2,1,0,0,1,1,1,0,1,0,0,0,2,0,0,1,1,1,0,1,0,0,0,1,2,0,1,1,0,1,0,0,1,2,0,4,1,0,0,1,2,1,1,0,2,1,0,7,predict
PS-109_ragout_na_PS-130_scaffolds_in_unplaced_S1B_chr/1751998-1752125,0,1,0,3,2,0,0,0,0,0,1,0,0,1,1,1,0,1,1,2,0,0,1,0,0,0,0,1,0,0,0,2,2,0,0,2,1,0,0,0,1,1,0,0,1,0,1,1,0,1,0,1,1,0,0,0,0,1,0,1,2,0,1,3,0,0,1,1,0,0,1,0,0,0,0,0,0,0,0,0,0,0,0,1,0,0,0,0,0,0,0,0,0,0,0,0,3,0,0,0,0,0,0,0,0,0,1,0,0,0,0,0,0,0,0,0,0,0,0,0,1,0,1,2,1,1,0,2,1,1,1,0,1,0,0,1,2,0,0,1,0,1,4,1,0,0,0,1,0,0,1,0,0,0,0,0,0,0,0,0,1,0,1,0,0,0,0,0,1,0,1,2,0,0,2,1,0,0,0,0,1,2,1,0,2,0,1,0,0,0,0,0,1,2,0,1,1,0,0,0,2,0,0,0,0,2,1,2,1,0,1,0,0,0,0,0,2,0,0,1,0,0,0,0,2,0,0,2,1,0,0,0,1,0,0,0,0,1,1,0,2,0,1,0,0,0,0,1,1,0,2,0,1,0,1,2,predict
PS-109_ragout_na_PS-130_scaffolds_in_unplaced_S1B_chr/1903914-1903993,0,1,1,0,1,0,0,0,0,0,0,1,0,0,1,0,1,0,0,1,1,0,0,1,0,0,0,0,0,0,0,0,0,0,0,1,0,0,0,1,0,1,0,0,0,1,0,1,0,0,0,0,2,0,0,0,0,0,0,0,0,0,0,0,2,0,0,0,0,0,0,0,0,1,0,0,0,0,0,1,1,1,0,0,0,1,0,1,0,1,0,0,0,0,0,0,0,0,0,0,0,0,0,1,0,1,1,0,0,0,0,0,0,0,0,1,0,1,0,0,1,1,0,0,0,0,0,2,1,0,0,0,1,1,0,0,0,0,0,0,0,0,0,0,0,0,1,0,0,0,0,0,1,0,0,0,0,1,1,0,0,0,1,0,0,1,1,0,0,0,0,0,1,0,0,0,0,0,0,0,0,0,1,1,0,0,0,2,0,0,0,1,0,2,0,0,0,0,0,0,0,0,2,0,0,0,1,0,0,0,1,0,0,0,0,1,0,0,0,0,1,1,0,2,1,0,0,0,1,0,0,0,0,0,0,0,0,0,0,0,1,0,0,0,0,1,0,0,1,0,0,0,0,3,1,5,predict
PS-109_ragout_na_PS-130_scaffolds_in_unplaced_S1B_chr/3678891-3679190,2,1,0,4,0,2,0,0,0,2,0,0,1,4,1,1,1,2,1,1,4,0,2,1,3,1,1,0,0,1,1,1,1,3,0,2,0,2,1,0,0,0,0,0,0,0,2,1,1,0,1,0,1,5,0,1,1,1,0,1,0,2,0,2,2,0,1,3,3,0,1,3,0,0,0,0,1,4,5,0,0,1,0,1,2,2,6,1,1,1,2,0,0,2,2,2,1,3,1,3,0,2,0,5,2,2,0,0,0,3,2,2,0,0,0,0,1,5,1,3,1,1,0,4,0,3,2,2,1,0,0,2,1,0,1,0,0,0,0,0,0,1,1,2,3,1,0,2,3,2,1,0,0,1,0,4,0,1,2,2,0,0,0,2,0,1,2,0,3,0,0,0,1,1,1,0,2,0,0,1,0,1,1,0,3,0,1,1,0,1,0,4,3,0,0,1,2,4,0,0,0,0,2,0,2,1,0,1,2,3,0,3,1,3,4,3,2,2,2,1,0,0,2,1,0,2,0,0,1,2,1,0,0,1,0,1,0,0,1,0,1,0,0,0,2,4,0,0,2,5,1,2,1,1,2,2,predict
PS-196_unicycler_I3+Pcct_99127_S6_length_4136064_depth_1.00x_circular_true/549673-549759,0,2,0,1,1,1,0,1,0,1,0,0,0,0,0,0,2,0,1,0,0,1,0,1,0,0,0,0,1,1,0,0,1,0,0,1,0,1,0,0,0,1,0,0,0,0,0,0,2,0,0,0,1,0,0,0,1,0,0,1,0,0,0,0,1,0,0,1,0,1,0,0,0,0,0,1,0,1,1,0,0,0,0,0,0,0,0,1,0,0,0,0,1,1,0,1,0,0,0,0,0,0,0,1,1,0,0,0,0,0,2,0,1,2,0,0,0,2,0,1,0,1,0,1,1,0,1,0,0,0,1,0,0,0,0,0,0,0,0,0,1,1,0,0,0,0,1,0,0,0,1,1,0,0,0,0,0,1,0,0,1,0,0,0,0,1,0,0,0,0,0,0,0,0,1,0,0,2,0,0,0,1,0,0,0,0,0,0,0,0,0,0,2,0,0,1,1,0,1,0,0,0,1,0,1,0,0,0,0,0,0,1,2,0,0,2,0,0,1,1,1,0,0,2,0,0,0,0,0,0,0,0,0,0,0,0,0,1,0,0,0,0,0,0,0,1,0,1,1,0,0,0,0,1,0,0,predict
PS-196_unicycler_I3+Pcct_99127_S6_length_4136064_depth_1.00x_circular_true/2134694-2134803,0,0,1,0,1,0,4,0,1,0,0,0,0,0,1,0,0,0,0,0,0,0,1,0,0,1,0,1,0,0,1,0,1,1,1,0,2,2,0,0,0,1,0,0,1,0,1,1,0,1,0,0,0,0,0,0,0,0,0,2,0,0,1,0,1,1,0,1,0,0,0,0,0,0,0,0,1,0,2,0,2,2,0,0,0,0,0,1,1,0,0,0,0,0,0,0,1,0,0,1,1,0,0,0,0,0,0,0,0,0,0,0,0,0,1,0,1,0,1,0,0,1,0,1,2,0,0,2,2,0,1,0,2,0,0,0,0,0,0,0,0,1,1,1,1,1,0,0,0,0,0,0,1,0,0,2,0,1,0,2,0,0,0,1,1,0,0,1,0,1,0,1,1,0,2,0,0,0,0,0,0,0,0,0,2,1,0,1,0,0,1,0,0,0,0,2,0,0,1,0,0,2,1,0,0,0,0,0,0,0,0,2,0,0,0,2,0,1,1,0,0,0,0,0,0,0,0,0,0,2,1,0,0,1,0,0,0,0,2,0,1,2,0,0,0,0,0,0,0,1,2,1,0,0,0,0,predict
PS-196_unicycler_I3+Pcct_99127_S6_length_4136064_depth_1.00x_circular_true/3088644-3088710,1,0,0,0,0,1,0,0,0,0,1,0,0,0,1,0,0,1,0,0,0,0,0,1,0,1,0,0,0,0,2,0,0,0,0,0,0,0,0,0,1,0,0,0,0,0,0,2,0,0,0,0,0,0,0,0,0,0,1,0,0,1,0,0,0,0,0,0,1,0,0,0,0,0,0,0,0,0,0,0,0,0,1,1,0,0,1,1,0,0,0,0,0,0,0,0,0,0,0,0,1,0,3,0,0,0,0,1,0,0,1,0,0,0,0,0,0,1,1,0,0,3,0,1,0,0,0,0,0,0,0,0,0,0,0,0,0,0,0,0,0,2,0,0,0,1,0,0,0,0,0,1,1,0,0,1,0,0,0,0,0,2,0,0,1,0,0,0,0,1,0,0,0,1,1,0,1,0,0,0,2,0,0,0,0,0,0,0,1,0,0,0,0,0,1,1,1,2,0,0,0,0,0,1,0,0,0,0,0,1,1,0,0,0,0,0,0,0,1,1,0,0,1,0,0,0,0,1,0,0,0,0,0,0,0,0,0,0,1,0,0,0,0,0,0,0,0,0,1,0,0,1,0,0,0,0,predict
PS-196_unicycler_I3+Pcct_99127_S6_length_4136064_depth_1.00x_circular_true/923727-923661,1,0,0,0,0,1,1,0,0,0,1,0,0,0,0,0,0,1,0,0,0,0,0,1,0,1,1,0,0,0,2,0,0,0,0,0,0,0,0,0,1,0,0,0,0,0,0,2,0,0,0,0,0,0,0,0,0,0,0,0,0,1,0,0,0,0,0,0,1,0,0,0,0,0,0,0,0,0,0,0,0,0,1,1,0,0,1,1,0,0,0,0,0,0,0,0,0,0,0,1,1,0,3,0,0,0,0,1,0,0,1,0,0,0,0,0,0,1,1,0,0,3,0,1,0,0,0,0,0,0,0,0,0,0,0,0,0,0,0,0,0,2,0,0,0,1,0,0,0,0,0,1,1,0,0,1,0,0,0,0,0,2,0,0,1,0,0,0,0,1,0,0,0,1,1,0,1,0,0,0,2,0,0,0,0,0,0,0,1,0,0,0,0,1,1,0,1,2,0,0,0,0,0,1,0,0,0,0,0,1,1,0,0,0,0,0,0,0,1,1,0,0,1,0,0,0,0,0,0,0,0,0,0,0,0,0,0,0,1,0,0,0,0,0,0,0,0,0,1,0,0,1,0,0,0,0,predict
PS-196_unicycler_I3+Pcct_99127_S6_length_4136064_depth_1.00x_circular_true/627712-627646,1,0,0,0,0,1,0,0,0,0,1,0,0,0,1,0,0,1,0,0,0,1,0,0,0,1,0,1,0,0,2,0,0,0,0,0,0,0,0,0,1,0,0,0,0,1,0,1,0,0,0,0,0,1,0,0,0,0,1,0,0,0,0,0,0,0,0,0,0,1,0,0,0,0,0,0,0,0,0,0,0,0,1,1,0,0,1,1,0,1,1,0,0,0,0,0,0,0,0,0,2,0,1,0,0,0,0,1,0,0,2,0,0,0,0,0,0,1,1,0,0,2,0,1,0,0,0,0,0,0,0,0,0,0,0,0,0,0,0,0,0,3,0,0,0,1,0,0,1,0,0,1,0,0,0,0,0,0,0,0,0,2,0,0,1,0,0,0,0,0,0,1,0,0,1,0,1,0,0,0,1,0,0,0,1,0,0,0,1,0,0,0,0,0,1,1,2,1,0,0,0,0,0,1,0,0,0,0,0,1,1,1,0,0,1,0,0,0,0,0,0,0,0,0,0,0,0,1,0,0,0,0,0,0,0,0,0,0,1,0,0,0,0,0,0,0,0,0,1,0,0,1,0,0,0,0,predict
PS-196_unicycler_I3+Pcct_99127_S6_length_4136064_depth_1.00x_circular_true/160825-160759,1,0,0,0,1,1,0,0,0,0,1,0,0,0,1,0,0,1,0,0,0,0,0,1,0,1,0,0,0,0,2,0,0,0,0,0,0,0,0,0,1,0,0,0,0,0,0,2,0,0,0,0,0,0,0,0,0,0,1,0,0,1,0,0,0,0,0,0,1,0,0,0,0,0,0,0,0,0,0,0,0,0,1,1,0,0,1,1,0,0,0,0,0,0,0,0,0,0,0,0,1,0,3,0,0,0,0,1,0,0,1,0,0,1,0,0,1,1,0,0,0,2,0,1,0,0,0,0,0,0,0,0,0,0,0,0,0,0,0,0,0,2,0,0,0,1,0,1,0,0,0,1,1,0,0,0,0,0,0,0,0,2,0,0,0,0,0,0,0,1,0,0,0,1,1,0,1,0,0,0,2,0,0,0,0,0,0,0,1,0,0,0,0,0,1,1,1,2,0,0,0,0,0,1,1,0,0,0,0,1,1,0,0,0,0,0,0,0,1,1,0,0,1,0,0,0,0,1,0,0,0,0,0,0,0,0,0,0,0,0,0,0,0,0,0,0,0,0,1,0,0,1,0,0,0,0,predict
PS-196_unicycler_I3+Pcct_99127_S6_length_4136064_depth_1.00x_circular_true/3703070-3703004,0,0,1,0,1,1,0,0,0,0,1,0,0,1,1,0,0,2,0,0,0,0,0,1,0,1,1,0,0,0,0,0,1,0,0,0,0,0,1,1,1,1,0,0,0,0,0,0,0,0,0,0,0,0,0,0,0,1,0,0,0,0,0,0,2,0,0,0,0,0,0,0,0,0,0,0,0,0,0,0,0,0,0,1,0,1,2,0,0,0,0,0,0,0,1,0,0,0,0,0,0,2,1,1,0,0,0,0,0,1,1,0,1,0,1,0,2,1,0,0,0,1,0,1,0,0,0,0,1,1,0,0,0,0,1,0,0,0,0,0,0,0,0,0,0,0,0,1,0,0,0,1,0,1,1,1,2,0,0,0,0,0,0,0,0,1,0,0,0,1,0,0,0,0,0,0,1,0,0,0,0,0,0,0,0,0,0,0,1,0,0,0,1,1,0,1,1,0,0,0,0,0,1,0,0,1,0,0,0,0,0,0,0,0,0,1,0,0,0,0,0,0,1,1,0,0,0,0,0,0,0,0,0,1,0,0,0,0,0,0,0,0,0,0,0,0,0,0,1,0,0,0,0,0,0,0,predict
PS-196_unicycler_I3+Pcct_99127_S6_length_4136064_depth_1.00x_circular_true/1008376-1008442,0,0,0,0,1,1,0,0,0,1,0,0,0,1,1,0,0,2,0,0,0,0,0,1,0,1,1,0,0,0,0,0,1,0,0,0,0,0,1,1,1,0,1,0,0,0,0,0,0,0,0,0,0,0,0,0,0,1,0,0,0,0,0,0,1,1,0,0,0,0,0,0,0,0,0,0,0,0,0,0,1,0,0,1,0,0,1,0,0,0,0,0,0,0,1,0,0,0,0,0,0,0,1,3,0,0,0,0,0,1,1,0,0,0,1,0,1,2,0,0,0,1,0,1,0,0,0,0,0,0,0,0,1,0,0,0,0,0,1,0,0,0,0,0,0,0,1,1,0,0,0,1,0,0,0,1,1,0,0,0,0,1,0,0,0,0,0,0,0,1,0,0,0,1,0,0,1,0,0,0,1,0,0,0,1,0,0,1,1,0,0,0,1,0,1,1,1,0,0,0,0,0,1,0,0,1,0,0,0,0,0,0,0,0,0,0,0,0,0,0,0,1,2,1,0,0,0,0,0,0,0,0,0,1,0,0,0,0,0,0,0,0,0,0,1,0,0,0,1,0,0,0,0,0,0,0,predict
PS-196_unicycler_I3+Pcct_99127_S6_length_4136064_depth_1.00x_circular_true/3758891-3758825,0,0,0,0,0,0,0,0,0,0,1,0,0,1,0,0,0,0,0,0,1,0,0,1,0,1,0,1,0,0,0,1,1,1,0,0,1,0,2,0,0,1,0,0,0,0,0,0,0,0,0,0,0,0,0,0,2,0,0,0,0,0,0,0,0,0,1,1,0,0,0,0,0,1,0,0,0,0,0,0,1,1,1,1,0,0,0,0,0,0,0,0,0,0,0,0,1,0,0,0,0,2,0,1,0,0,0,0,0,0,0,0,0,0,0,0,1,2,0,1,1,1,0,1,0,1,0,0,0,0,1,0,0,0,1,0,0,1,0,0,0,0,1,0,0,0,0,0,0,1,0,1,0,0,1,0,1,0,1,1,0,0,0,0,0,0,0,0,0,1,0,0,0,1,0,0,1,0,0,0,0,0,0,0,0,0,0,0,0,0,0,0,1,1,0,1,1,1,0,0,0,0,0,0,0,0,1,0,0,0,0,0,0,0,0,2,0,0,0,0,0,1,1,0,1,0,0,0,0,0,0,0,0,0,0,0,0,0,1,0,0,0,0,0,0,0,0,0,2,0,0,0,0,0,1,0,predict
PS-196_unicycler_I3+Pcct_99127_S6_length_4136064_depth_1.00x_circular_true/1520707-1520912,9,1,3,1,0,0,0,0,3,1,0,2,0,0,4,4,1,0,0,2,1,0,1,0,1,0,0,1,0,0,0,1,4,0,3,3,1,2,2,1,1,0,2,0,0,2,1,0,3,1,0,1,1,0,0,0,1,1,1,3,1,1,1,2,1,0,3,1,1,0,1,0,1,0,0,0,0,0,2,2,0,0,0,1,0,0,0,0,0,0,0,0,0,0,0,0,0,1,0,0,1,0,1,1,0,0,0,0,0,0,0,1,0,0,0,0,0,0,0,0,0,3,0,1,3,1,1,2,1,2,1,3,1,0,1,1,2,1,0,0,1,0,2,0,4,0,0,1,0,0,0,1,0,1,0,0,0,0,0,1,2,1,0,1,0,0,0,0,2,1,0,0,2,0,0,1,0,1,0,0,0,0,0,0,3,1,1,0,0,0,3,3,3,0,4,1,1,0,0,1,2,2,0,0,1,0,1,1,3,0,0,1,1,0,0,0,1,0,2,0,0,0,2,2,2,0,0,1,1,1,0,1,0,0,1,1,0,0,0,1,1,0,0,1,3,1,0,0,1,1,1,0,0,1,1,2,predict
PS-196_unicycler_I3+Pcct_99127_S6_length_4136064_depth_1.00x_circular_true/2102056-2102175,2,3,1,1,0,0,1,0,1,0,0,0,1,2,1,0,0,1,1,0,0,0,0,1,0,1,0,1,1,0,2,1,1,0,0,0,1,0,0,0,1,0,0,0,1,0,0,1,0,0,0,3,0,0,0,0,0,0,1,1,0,1,0,2,0,0,0,0,0,0,0,0,0,0,1,0,2,0,0,1,0,1,0,0,1,0,1,0,0,0,0,1,0,0,0,0,0,0,0,0,0,0,0,0,1,0,1,1,0,0,1,1,0,0,1,0,0,0,0,0,0,0,1,1,0,1,0,1,2,0,0,2,0,1,1,0,0,0,0,1,1,0,0,0,1,0,0,0,0,0,0,0,0,0,0,0,0,0,1,0,0,0,0,1,2,0,0,0,0,0,0,0,0,1,1,0,0,0,0,1,0,0,0,1,0,0,0,0,1,1,0,1,1,1,0,0,0,2,0,2,0,0,0,0,3,0,0,1,1,1,0,0,0,0,0,0,0,0,0,0,0,0,0,2,1,0,0,1,0,0,0,0,0,1,0,0,0,0,2,0,4,0,0,2,2,0,0,3,1,1,1,2,2,0,1,4,predict
PS-196_unicycler_I3+Pcct_99127_S6_length_4136064_depth_1.00x_circular_true/598901-598703,5,1,2,3,2,0,1,0,0,1,2,0,4,2,0,2,4,1,0,1,0,0,0,1,0,0,0,1,1,0,1,2,1,1,0,4,2,0,0,0,1,1,2,0,0,0,0,0,2,0,3,1,3,1,0,2,1,0,0,0,1,1,2,3,2,1,0,3,1,1,0,0,1,0,0,0,2,0,1,2,0,0,1,2,0,0,0,0,0,0,1,0,0,0,0,0,0,0,0,0,0,1,0,2,0,1,0,0,0,0,0,0,0,0,0,2,0,1,0,0,0,2,0,0,0,1,0,3,0,0,0,1,2,0,1,0,0,0,2,0,0,0,1,2,1,1,0,0,1,0,0,1,0,0,0,0,1,0,1,0,0,0,1,1,0,0,0,0,2,0,0,0,0,0,1,0,1,0,0,1,1,0,0,0,1,0,2,0,3,0,1,1,5,1,0,1,0,0,0,1,0,0,0,1,1,5,2,3,2,1,0,0,1,1,0,0,1,0,0,0,2,0,0,1,1,1,0,1,0,0,0,1,2,0,1,1,0,1,0,1,1,1,0,5,1,0,1,1,2,1,1,0,2,1,0,7,predict
PS-196_unicycler_I3+Pcct_99127_S6_length_4136064_depth_1.00x_circular_true/1767050-1767193,0,1,0,3,0,0,0,0,0,0,1,0,0,1,1,1,0,1,1,3,0,0,1,0,0,0,0,0,0,0,0,2,2,0,0,2,2,0,0,0,1,1,0,0,1,0,1,0,0,1,0,1,1,0,0,0,0,1,0,2,2,0,1,3,0,0,1,1,1,0,0,0,0,0,0,0,0,0,0,0,0,0,0,1,0,1,0,0,0,0,0,0,0,0,1,0,3,0,0,0,0,0,0,0,0,0,1,0,0,0,0,1,0,0,0,0,0,0,0,0,1,0,1,3,1,0,1,2,0,0,2,0,2,0,0,1,2,1,0,1,0,1,4,1,0,0,0,1,0,0,1,0,0,0,0,0,0,0,0,0,1,0,1,0,0,0,0,0,1,0,1,2,0,0,2,2,0,0,0,0,1,3,1,0,2,0,1,0,0,0,0,1,0,2,0,1,1,0,0,0,2,0,0,0,0,2,1,3,1,0,1,0,0,0,0,1,2,0,0,1,0,1,0,0,2,0,0,2,1,0,0,1,1,0,0,0,0,1,2,0,2,0,1,0,0,0,0,1,1,1,2,1,1,1,2,3,predict
PS-196_unicycler_I3+Pcct_99127_S6_length_4136064_depth_1.00x_circular_true/3696696-3696995,2,1,0,4,0,2,0,0,0,2,0,0,1,4,1,1,0,2,1,1,3,0,2,0,3,1,1,0,1,1,1,1,1,3,0,2,0,2,1,0,0,0,0,0,0,0,2,1,2,0,1,0,1,5,0,1,1,1,0,1,0,2,0,2,2,0,1,2,3,0,1,3,0,0,0,0,1,3,5,0,0,1,0,1,1,2,7,1,1,1,2,0,0,2,2,2,1,3,1,2,0,2,0,5,2,2,0,0,0,4,2,2,0,0,0,0,1,5,1,3,1,1,0,4,0,3,2,2,1,0,0,2,1,0,1,0,0,0,0,0,0,1,1,2,3,1,0,1,3,2,1,1,0,1,0,5,0,1,2,2,0,0,0,2,0,1,1,0,3,0,0,0,1,1,2,0,2,0,0,1,0,1,1,0,3,0,1,1,0,1,0,4,3,0,0,2,2,3,0,1,0,0,2,0,2,1,0,1,2,3,0,3,1,3,4,3,2,2,1,1,0,0,2,1,0,2,0,1,1,2,1,0,0,1,0,1,0,0,1,0,1,0,0,0,2,4,0,0,2,4,2,3,1,1,2,2,predict
PS-65_unicycler_I3+N3-Pcct_99127_S6_length_4148255_depth_1.00x_circular_true/2102803-2102911,0,0,0,0,1,0,4,0,1,0,0,0,0,0,1,0,0,0,0,0,0,0,1,0,0,1,0,1,0,0,1,0,1,1,1,0,2,2,0,0,0,1,0,0,1,0,1,1,0,1,0,0,0,0,0,0,0,0,0,2,0,0,1,0,0,1,1,1,0,0,0,0,0,0,0,0,1,0,2,0,2,2,0,0,0,0,0,1,1,0,0,0,0,0,0,0,1,0,0,1,1,0,0,0,0,0,0,0,0,0,0,0,0,0,1,0,1,0,1,0,0,1,0,1,2,0,0,2,2,0,1,0,2,0,0,0,0,0,0,0,0,1,1,1,1,1,0,0,0,0,0,0,1,0,0,2,0,1,0,2,0,0,0,1,1,0,0,1,0,1,0,1,1,0,2,0,0,0,0,0,0,0,0,0,2,1,0,1,0,0,1,0,0,0,0,2,0,0,1,0,0,2,1,0,0,0,0,0,0,0,0,2,0,0,0,2,0,1,1,0,0,0,0,0,0,0,0,0,0,2,1,0,0,1,0,0,0,0,2,0,1,2,0,0,0,0,0,0,0,1,2,1,0,0,0,0,predict
PS-65_unicycler_I3+N3-Pcct_99127_S6_length_4148255_depth_1.00x_circular_true/2093530-2093783,3,2,0,2,0,1,0,0,3,1,2,1,2,1,0,1,1,2,0,1,1,2,1,2,1,1,1,0,1,2,1,1,1,0,0,0,1,2,0,3,2,0,4,0,1,1,0,1,2,0,1,0,0,1,3,1,2,2,0,0,0,0,0,2,0,0,0,2,2,1,0,1,1,2,2,0,0,1,1,1,0,1,1,2,0,2,0,2,1,0,0,0,2,1,0,2,2,0,1,0,0,0,0,0,0,1,2,1,1,0,0,0,1,1,1,2,1,2,2,0,2,2,0,0,1,1,2,3,1,1,3,1,1,3,0,0,0,1,1,1,2,0,0,1,2,0,0,1,0,0,0,4,0,0,1,2,1,1,0,1,0,0,1,2,2,2,0,0,0,0,1,2,0,2,2,1,1,0,2,1,2,0,1,0,1,1,2,1,1,0,1,1,1,1,1,1,0,0,1,1,1,1,0,1,1,2,5,0,1,0,3,0,1,1,0,2,0,0,0,0,2,2,0,1,2,2,3,1,2,1,0,2,0,2,1,1,2,0,0,1,1,1,1,2,1,0,0,0,1,1,0,2,0,0,5,1,predict
PS-65_unicycler_I3+N3-Pcct_99127_S6_length_4148255_depth_1.00x_circular_true/2568033-2568305,3,0,2,1,0,1,0,2,2,0,2,2,3,1,1,3,0,0,0,4,2,2,2,1,0,0,0,0,0,2,0,0,5,0,0,0,2,1,0,2,0,1,5,1,1,1,1,1,2,1,1,1,0,1,0,1,2,2,1,0,3,1,2,1,1,1,1,0,3,2,0,0,0,2,1,0,0,1,0,0,1,2,0,1,0,2,0,1,0,0,2,1,0,3,1,2,0,1,0,0,2,1,1,0,0,2,0,1,0,1,0,1,1,0,0,2,1,0,0,2,4,1,0,2,1,3,1,3,3,1,1,1,0,0,1,0,1,0,0,1,1,0,0,1,4,0,1,1,1,2,0,2,0,0,2,0,1,1,1,2,0,0,0,1,0,1,1,1,0,1,1,2,1,2,1,0,2,0,0,0,2,0,1,1,2,1,1,1,1,0,1,2,2,2,6,4,0,1,0,2,0,2,0,0,3,0,6,2,2,1,0,1,0,1,0,1,0,0,1,0,1,0,1,4,0,2,1,1,0,1,0,3,0,3,1,0,0,0,0,1,3,1,0,4,5,1,1,0,0,1,1,0,1,0,3,0,predict
PS-65_unicycler_I3+N3-Pcct_99127_S6_length_4148255_depth_1.00x_circular_true/3706973-3706907,1,0,1,0,1,1,0,0,0,0,1,0,0,1,1,0,0,2,0,0,0,0,0,1,0,1,1,0,0,0,0,0,1,0,0,0,0,0,1,1,1,1,0,0,0,0,0,0,0,0,0,0,0,0,0,0,0,1,0,0,0,0,0,0,2,0,0,0,0,0,0,0,0,0,0,0,0,0,0,0,0,0,0,1,0,0,2,0,0,0,0,0,0,0,0,0,0,0,0,0,0,2,1,1,0,0,0,0,1,1,0,0,1,0,1,0,2,2,0,0,0,1,0,1,0,0,0,0,0,1,0,0,0,0,1,0,0,0,0,0,0,0,0,0,0,0,0,1,0,0,0,1,0,0,1,2,2,0,0,0,0,0,0,0,0,0,0,0,0,1,0,0,0,1,0,0,1,0,0,0,0,0,0,0,0,0,0,0,1,0,0,0,1,1,0,1,1,0,0,0,0,0,1,0,0,1,0,0,0,0,0,0,0,0,0,1,0,0,0,0,0,0,2,1,0,0,0,0,0,0,0,0,0,1,0,0,0,0,0,0,1,0,0,0,0,0,0,0,0,0,0,0,0,0,0,0,predict
PS-65_unicycler_I3+N3-Pcct_99127_S6_length_4148255_depth_1.00x_circular_true/35164-35230,1,0,0,0,0,0,1,1,0,0,0,0,0,1,0,0,0,0,0,0,0,0,0,2,0,1,0,0,0,1,0,1,1,0,0,0,0,1,0,0,1,1,1,0,1,0,0,0,0,1,0,0,0,1,0,0,0,0,0,0,0,0,0,0,0,0,1,0,0,0,0,0,0,0,0,1,0,0,0,0,0,1,1,1,0,1,1,0,0,0,0,0,1,1,0,0,1,0,0,0,0,0,0,1,0,0,0,0,1,0,1,0,0,0,0,0,1,2,0,0,1,0,0,1,0,1,0,0,1,2,1,0,0,1,0,0,0,0,0,0,0,0,0,0,0,0,0,0,1,0,0,0,0,0,0,0,0,1,0,0,1,0,1,0,0,0,0,1,0,0,0,0,0,0,0,0,2,0,0,0,0,0,0,1,0,0,0,0,0,0,0,0,0,0,1,0,1,0,0,0,1,0,2,0,0,1,0,0,0,0,0,1,0,0,0,1,0,1,0,0,0,0,2,0,0,0,0,0,0,0,0,0,0,0,0,0,0,0,0,0,0,0,0,0,1,0,0,0,1,0,0,0,0,0,0,0,predict
PS-65_unicycler_I3+N3-Pcct_99127_S6_length_4148255_depth_1.00x_circular_true/3762769-3762701,0,0,0,0,0,0,0,0,0,0,1,0,0,0,0,0,0,0,0,0,1,0,0,1,0,1,0,1,1,0,0,0,1,1,0,0,2,0,1,0,0,1,0,0,0,0,0,0,0,0,0,0,0,0,0,0,2,0,0,0,0,0,0,0,0,0,1,1,0,0,0,0,0,1,0,0,0,0,0,0,1,0,1,0,0,0,0,1,0,0,0,0,0,0,0,0,1,0,0,0,0,2,0,1,0,0,0,0,0,0,0,0,0,0,0,0,0,2,0,1,1,1,0,0,0,2,1,1,0,0,1,0,0,0,1,0,0,2,0,0,0,0,1,0,0,0,1,0,0,1,0,1,0,0,0,0,0,0,1,1,0,0,0,0,0,0,0,0,0,0,0,0,0,1,1,0,1,0,0,0,0,0,0,0,0,0,0,0,0,0,0,0,1,1,0,1,0,1,0,0,0,0,0,0,0,0,1,0,0,0,0,0,0,0,0,2,0,0,0,0,0,1,1,2,1,0,0,0,0,0,0,0,0,0,0,0,0,0,1,0,0,0,0,0,0,1,0,0,2,0,0,2,0,0,0,0,predict
PS-65_unicycler_I3+N3-Pcct_99127_S6_length_4148255_depth_1.00x_circular_true/1513526-1513730,8,1,3,1,0,0,0,0,3,2,0,2,0,0,4,4,1,0,0,2,1,0,1,0,1,0,0,1,0,0,0,1,4,0,3,3,1,2,2,1,1,0,2,0,0,2,1,0,3,1,0,1,1,0,0,0,1,1,1,3,1,1,1,2,1,0,3,1,1,0,1,0,1,0,0,0,0,0,2,2,0,0,0,1,0,0,0,0,0,0,0,0,0,0,0,0,0,1,0,0,1,0,1,1,0,0,0,0,0,0,0,1,1,0,0,0,0,0,0,0,0,3,0,1,2,1,1,2,1,2,1,3,1,0,1,1,2,1,0,0,1,0,2,0,4,0,0,1,0,0,0,1,0,1,0,0,0,0,0,1,2,1,0,1,0,0,0,0,2,1,0,0,2,0,0,1,0,1,0,0,0,0,0,0,3,1,1,0,1,0,3,2,4,0,4,1,1,0,0,1,2,1,0,0,1,0,1,1,3,0,0,1,1,0,0,0,1,0,2,0,0,0,2,2,2,0,0,1,1,1,0,1,0,0,1,1,0,0,0,1,0,0,0,1,3,1,0,0,1,1,1,0,0,1,1,2,predict
PS-65_unicycler_I3+N3-Pcct_99127_S6_length_4148255_depth_1.00x_circular_true/1938979-1938700,3,1,1,3,2,1,1,1,1,0,0,1,1,1,1,3,3,2,2,1,0,1,0,0,0,0,1,0,1,1,2,0,3,0,0,0,1,0,0,2,3,1,0,0,2,2,0,0,1,0,1,2,2,2,0,1,0,1,1,1,1,2,0,7,3,1,1,2,1,1,0,1,0,0,1,0,2,0,0,2,1,0,0,2,2,2,1,4,1,0,1,1,1,1,1,3,1,0,1,0,0,2,1,0,0,2,2,1,0,0,1,2,0,1,0,0,1,3,0,3,0,1,0,2,2,0,4,4,2,0,1,1,0,2,1,1,0,2,2,0,1,0,2,2,0,1,0,0,1,0,2,3,0,1,2,0,0,2,1,1,0,0,0,1,3,0,1,1,1,1,0,0,0,0,0,0,2,1,0,0,0,0,0,2,0,0,1,1,0,1,0,2,3,1,1,3,1,0,0,0,0,3,1,1,1,1,1,1,3,3,0,2,2,2,0,0,0,1,0,0,0,4,0,3,1,0,2,0,2,3,0,0,0,2,0,1,0,1,0,2,1,2,2,2,2,1,1,2,3,1,2,1,4,3,2,4,predict
PS-65_unicycler_I3+N3-Pcct_99127_S6_length_4148255_depth_1.00x_circular_true/2077698-2077817,3,2,2,0,0,0,0,0,1,1,0,0,1,2,1,1,0,1,1,0,0,0,0,1,0,1,0,1,2,0,1,1,1,0,0,1,0,0,1,0,1,0,0,0,1,0,0,1,0,0,1,2,0,0,0,0,0,0,0,1,0,1,0,2,0,0,0,0,0,0,0,0,1,0,1,0,2,0,0,0,0,1,0,0,1,0,1,0,0,0,0,1,0,0,0,0,0,0,0,0,0,0,0,0,0,0,1,1,0,0,1,1,0,0,1,0,0,0,0,0,0,0,1,1,0,0,0,2,1,0,1,2,0,1,1,0,0,0,0,1,1,0,0,0,0,0,0,0,0,0,0,0,0,0,0,0,0,0,1,0,1,0,0,1,2,0,0,0,0,0,0,0,0,1,1,0,0,0,0,1,0,0,0,1,0,0,1,0,1,1,0,1,1,1,0,0,0,2,0,2,1,0,0,0,2,0,0,1,1,1,0,0,0,0,0,0,0,0,0,0,0,0,0,2,1,0,0,1,0,0,0,0,1,0,0,0,0,0,2,0,4,0,0,2,2,0,0,3,1,1,0,2,1,1,1,4,predict
PS-65_unicycler_I3+N3-Pcct_99127_S6_length_4148255_depth_1.00x_circular_true/1759863-1760007,0,1,0,3,1,0,0,0,0,0,1,0,1,1,2,3,0,0,1,4,1,0,0,0,0,0,0,0,0,0,0,2,1,0,0,2,1,0,0,0,1,1,0,0,0,0,2,0,0,1,0,1,1,0,0,0,0,1,0,2,2,0,1,2,1,0,1,1,1,0,0,0,0,0,0,0,0,0,0,0,0,0,0,0,0,1,0,0,0,0,0,0,0,0,1,0,2,0,0,0,0,0,0,0,0,0,1,0,0,0,0,1,0,0,0,1,0,0,0,0,1,0,0,3,1,0,1,2,1,1,0,0,1,0,0,1,3,0,0,0,0,1,3,1,0,0,0,1,0,0,1,0,0,0,0,0,0,0,0,0,2,0,2,1,0,0,0,0,1,0,1,2,0,0,2,1,0,0,0,0,1,3,1,0,2,0,1,0,0,0,0,1,1,2,0,1,1,0,0,0,2,0,0,0,0,2,1,2,2,0,1,0,0,0,0,1,1,0,0,1,0,1,0,0,2,0,0,2,1,0,0,1,1,0,0,0,0,1,2,0,1,0,1,0,0,0,0,1,2,1,3,1,1,1,2,3,predict
PS-65_unicycler_I3+N3-Pcct_99127_S6_length_4148255_depth_1.00x_circular_true/1941210-1941289,0,1,1,0,1,0,0,0,0,0,0,1,0,0,1,0,1,0,0,1,1,0,0,1,0,0,0,0,0,0,0,0,0,0,0,1,0,0,0,0,0,1,0,0,0,1,0,1,0,0,0,0,1,0,1,0,0,0,0,0,0,0,0,0,2,0,0,0,0,0,0,0,0,1,0,0,0,0,0,1,1,1,0,0,0,1,0,1,0,1,0,0,0,0,0,0,0,0,0,0,0,0,0,1,0,1,1,0,0,0,0,0,0,0,0,1,0,1,0,0,1,1,0,0,0,0,0,2,1,0,0,0,1,1,0,0,0,0,0,0,0,0,0,0,0,0,1,0,0,0,0,0,1,0,0,0,0,1,1,0,0,0,1,0,0,1,1,1,0,0,0,0,1,0,0,0,0,0,0,0,0,0,1,1,0,0,0,2,0,0,0,1,0,2,0,0,0,0,0,0,0,0,1,0,0,0,1,0,0,0,0,0,0,0,0,1,0,0,1,0,1,1,0,2,1,0,0,0,1,0,0,0,0,0,1,0,0,0,0,0,1,0,0,0,0,1,0,0,1,0,0,0,0,3,1,5,predict
PS-65_unicycler_I3+N3-Pcct_99127_S6_length_4148255_depth_1.00x_circular_true/3700628-3700922,2,1,0,4,0,2,0,0,0,2,0,0,1,4,1,1,1,2,1,1,4,0,2,0,3,1,1,0,0,1,1,1,1,3,0,2,0,2,1,0,0,0,0,0,0,0,2,1,1,0,1,0,1,5,0,1,1,1,0,1,0,2,0,2,2,0,1,3,3,0,1,3,0,0,0,0,1,3,5,0,0,1,0,1,1,2,7,1,1,1,1,0,0,2,2,2,1,3,1,2,0,2,0,5,2,2,0,0,0,4,2,2,0,0,0,0,1,5,0,4,1,1,0,4,0,3,2,2,1,0,0,2,1,0,1,0,0,0,0,0,0,1,1,1,3,1,0,1,3,2,1,1,0,0,0,5,0,2,2,2,0,0,0,2,0,1,2,0,2,0,0,0,1,1,1,0,2,0,0,1,0,1,1,0,3,0,1,1,0,1,0,4,3,0,0,1,2,4,0,0,0,0,2,0,2,1,0,1,2,3,0,3,1,3,4,3,2,2,2,1,0,0,2,1,0,2,0,0,1,2,0,0,0,1,0,1,0,0,1,0,1,0,0,0,2,4,0,0,2,5,1,2,1,1,2,2,predict
PS-210_unicycler_I3+N3_99127_S4_length_4103413_depth_1.00x_circular_true/539378-539464,2,1,1,1,1,1,0,1,0,1,0,1,0,0,0,0,1,0,1,0,0,1,0,1,0,0,0,0,1,1,0,0,1,0,0,1,0,1,0,0,0,1,0,0,0,0,0,0,1,0,0,0,1,0,0,0,1,0,0,1,0,0,0,0,2,0,0,0,0,1,0,0,0,0,0,1,0,1,1,0,0,0,0,0,0,0,0,1,0,0,0,0,1,1,0,1,0,0,0,0,0,0,0,1,1,0,0,0,0,0,2,0,1,2,0,0,0,2,0,1,0,1,0,1,1,0,1,0,0,0,1,0,0,0,0,0,0,0,0,0,1,1,0,0,0,0,1,0,0,0,1,1,0,0,0,0,0,1,0,0,1,0,0,0,0,1,0,0,0,0,0,0,0,0,1,0,0,2,0,0,0,1,0,0,0,0,0,0,0,0,0,0,3,0,0,1,0,0,1,0,0,0,1,0,0,0,0,0,0,0,0,1,2,0,0,2,0,0,1,1,1,0,0,2,0,0,0,0,0,0,0,0,0,0,0,0,0,1,0,0,0,0,0,0,0,1,0,1,1,0,0,0,0,1,0,0,predict
PS-210_unicycler_I3+N3_99127_S4_length_4103413_depth_1.00x_circular_true/616161-616095,1,0,0,0,0,1,0,0,0,0,1,0,0,0,1,0,0,1,0,0,0,0,0,1,0,1,0,0,1,0,1,0,0,0,0,0,0,0,0,0,1,0,0,0,0,1,0,2,0,0,0,0,0,0,0,0,0,0,1,0,0,1,0,0,0,0,0,0,1,0,1,0,0,0,0,0,0,0,0,0,0,0,1,1,0,0,1,1,0,0,0,0,0,0,0,0,0,0,0,0,1,0,2,0,0,0,0,1,0,0,1,0,0,1,0,0,0,1,1,0,0,2,0,1,0,0,0,0,0,0,0,0,0,0,0,0,0,0,0,0,0,2,0,0,0,1,0,0,0,0,0,1,1,0,0,1,0,0,0,0,0,2,0,0,1,0,0,0,0,1,0,0,0,0,1,0,1,0,0,0,2,0,0,0,0,0,0,0,1,0,0,0,0,0,1,1,1,2,0,0,0,0,0,1,0,0,0,0,0,1,1,0,0,0,0,0,0,0,1,1,0,0,1,0,0,0,0,1,0,0,0,0,0,0,0,0,0,0,1,0,0,0,0,0,0,0,0,0,1,0,0,1,0,0,0,0,predict
PS-210_unicycler_I3+N3_99127_S4_length_4103413_depth_1.00x_circular_true/2666407-2666512,0,1,0,0,0,0,0,1,0,1,0,0,0,1,1,1,1,0,0,1,0,1,0,1,0,0,0,1,0,0,1,0,0,0,0,0,2,1,0,0,0,0,0,0,0,0,0,0,0,0,1,1,0,2,0,1,0,0,1,0,0,1,0,1,0,0,1,1,0,0,0,0,0,0,0,0,2,2,0,0,0,0,0,1,1,1,0,0,1,1,0,0,1,0,0,0,0,0,0,1,0,1,1,0,1,1,0,1,1,0,0,1,0,0,0,2,0,1,0,0,0,1,0,0,1,0,0,2,1,0,0,1,0,0,0,0,1,0,0,0,0,0,0,1,1,0,0,0,0,0,1,0,0,1,3,0,0,0,0,0,0,0,0,2,0,1,1,0,0,0,1,0,0,0,0,0,0,1,0,0,0,0,0,0,0,0,0,0,0,0,1,4,0,0,0,0,1,0,0,0,0,0,0,1,1,1,0,2,1,0,1,1,0,0,2,1,0,0,0,0,0,2,0,1,0,0,0,1,0,0,1,0,0,1,0,0,0,0,1,0,1,0,0,0,3,0,1,1,1,1,0,0,1,2,0,0,predict
PS-52_unicycler_I1+N1cc_99127_S7_length_4163943_depth_1.00x_circular_true/2119158-2119413,4,1,0,3,0,4,0,1,2,1,1,1,3,0,0,1,1,2,0,2,0,1,0,3,1,1,0,0,1,1,2,1,1,0,0,0,3,1,0,2,1,2,5,1,3,2,0,0,3,0,1,1,2,0,2,1,0,2,0,0,1,1,0,0,1,1,0,1,1,1,1,0,1,2,2,0,0,0,0,0,1,1,0,1,0,3,1,1,0,0,0,0,2,1,2,2,1,0,2,0,0,0,0,1,1,0,1,1,0,0,0,1,1,1,1,2,0,2,0,0,2,2,1,1,1,1,1,5,2,1,2,0,1,0,0,0,0,1,1,1,3,0,1,2,1,0,1,1,0,1,0,3,0,0,0,1,1,0,1,2,0,0,2,0,2,1,1,2,0,1,1,2,0,2,2,1,2,0,1,0,2,0,0,1,2,1,1,0,2,0,0,1,1,1,5,2,2,0,1,1,0,1,3,0,1,2,3,1,1,0,1,2,0,1,0,2,1,1,1,1,1,2,0,0,2,2,1,0,0,1,0,1,0,0,2,1,1,0,0,0,3,3,0,2,2,0,0,0,0,0,0,2,1,0,3,1,predict
PS-52_unicycler_I1+N1cc_99127_S7_length_4163943_depth_1.00x_circular_true/630827-630761,1,0,0,0,0,1,0,0,0,0,1,0,0,0,1,0,0,1,0,0,0,1,0,0,0,1,0,0,0,0,2,0,0,0,0,0,0,0,0,0,1,0,0,0,0,0,0,2,0,0,0,0,0,0,0,0,0,0,1,0,0,1,0,0,0,0,0,0,0,0,0,0,0,0,0,0,0,0,0,0,0,0,1,1,0,0,1,1,0,1,1,0,0,0,0,0,0,0,0,0,1,0,2,0,0,0,0,1,0,0,2,0,0,0,0,0,0,1,1,0,0,2,0,1,0,0,0,0,0,0,0,0,0,0,0,0,0,0,0,0,0,2,0,0,0,1,0,0,0,0,0,1,0,0,0,1,0,0,0,0,0,2,0,0,1,0,0,0,0,0,0,1,0,1,1,0,1,0,0,0,2,0,0,0,1,0,0,0,1,0,0,0,0,0,1,1,2,2,0,0,0,0,0,1,0,0,0,0,0,1,1,0,0,0,1,0,0,0,0,1,0,0,0,0,0,0,0,1,0,0,0,0,0,0,0,0,0,0,1,0,0,0,0,0,0,0,0,0,1,0,0,1,0,0,0,0,predict
PS-52_unicycler_I1+N1cc_99127_S7_length_4163943_depth_1.00x_circular_true/924216-924150,1,0,0,0,0,1,0,0,0,0,1,0,0,0,1,0,0,1,0,0,0,0,0,1,1,1,0,0,0,0,2,0,0,1,0,0,0,0,0,0,1,0,0,0,0,0,0,2,0,0,0,0,0,0,0,0,0,0,1,0,0,1,0,0,0,0,0,0,1,0,0,0,0,0,0,0,0,0,0,0,0,0,1,1,0,0,1,1,0,0,0,0,0,0,0,0,0,0,0,0,2,0,2,0,0,0,0,1,1,0,0,0,0,0,0,0,0,1,1,0,0,3,0,1,0,0,0,0,0,0,0,0,0,0,0,0,0,1,0,0,0,2,1,0,0,1,0,0,0,0,0,1,0,0,0,1,0,0,0,0,0,1,0,0,1,0,0,0,0,0,0,0,0,1,0,0,1,0,0,0,2,0,0,0,0,0,0,0,1,0,0,0,0,0,1,1,1,2,0,0,0,0,0,1,0,0,0,0,0,1,2,0,0,0,0,0,0,0,0,1,0,0,1,0,0,0,0,1,0,0,0,0,0,0,0,0,0,0,1,0,0,0,0,1,0,0,0,0,1,0,0,0,0,0,0,0,predict
PS-52_unicycler_I1+N1cc_99127_S7_length_4163943_depth_1.00x_circular_true/3720760-3720694,1,1,1,0,0,1,0,0,0,0,1,0,0,1,1,0,0,1,0,0,0,0,2,1,0,2,0,0,0,0,0,0,1,0,0,0,0,0,1,1,1,0,0,0,0,0,0,0,0,0,0,0,0,0,0,0,0,1,0,0,0,0,0,0,2,0,0,0,0,0,0,0,0,0,0,0,0,0,0,0,0,0,0,1,0,1,1,0,0,0,1,0,0,0,1,0,0,0,0,0,0,2,1,1,0,0,0,0,0,1,1,0,1,0,1,0,2,1,0,0,0,1,0,1,0,0,0,0,1,1,0,0,0,1,0,0,0,0,0,0,0,0,0,0,0,0,0,1,0,0,0,1,0,1,0,1,2,0,0,0,0,0,0,0,0,1,0,0,0,1,0,0,0,0,0,0,1,0,0,0,0,0,0,0,0,0,0,0,1,0,0,0,2,0,0,1,1,0,0,0,0,0,1,0,0,1,0,0,0,0,0,0,0,0,0,1,0,0,0,0,0,0,1,1,0,0,0,0,0,0,0,0,0,1,0,0,0,0,0,0,0,0,0,0,0,0,0,0,1,0,0,0,0,0,0,0,predict
PS-52_unicycler_I1+N1cc_99127_S7_length_4163943_depth_1.00x_circular_true/1536700-1536903,7,1,3,1,0,0,1,0,3,1,0,2,0,0,4,4,1,0,0,3,1,0,1,0,1,0,0,1,0,0,0,0,4,0,3,3,1,2,2,2,1,0,2,0,0,2,1,0,3,1,0,1,1,0,0,0,1,1,1,3,1,1,0,2,1,0,3,1,1,0,1,0,1,0,0,0,0,0,2,2,0,0,0,1,0,0,0,0,0,0,0,0,0,0,0,0,1,1,0,0,1,0,1,1,0,0,0,0,0,0,0,1,0,0,0,0,0,0,0,0,0,3,0,1,3,1,1,2,1,2,1,3,2,0,1,0,2,1,0,0,1,0,2,0,4,0,0,1,0,0,0,1,0,1,0,0,0,0,0,1,2,1,0,1,0,0,0,0,2,1,0,0,2,0,0,1,0,1,0,0,0,0,0,0,3,1,1,0,0,0,3,3,3,0,4,1,1,0,0,1,2,2,0,0,1,0,1,1,3,0,0,1,1,0,0,0,1,0,3,0,0,0,2,2,1,0,0,1,1,1,0,0,0,0,1,1,0,0,0,1,1,1,0,0,3,1,0,0,1,1,0,0,0,1,1,2,predict
PS-52_unicycler_I1+N1cc_99127_S7_length_4163943_depth_1.00x_circular_true/1962540-1962262,3,1,1,3,2,1,1,1,1,0,0,1,1,1,1,3,3,2,2,1,0,1,0,0,0,0,1,0,1,1,2,0,3,0,0,0,1,0,0,2,3,1,0,0,2,2,0,0,1,0,1,2,2,2,0,1,0,1,1,1,1,2,0,7,3,1,1,2,1,1,0,1,0,0,1,0,2,0,0,2,1,0,0,2,2,2,1,4,1,0,1,1,1,1,1,2,1,0,1,0,0,2,1,0,0,2,2,1,0,0,1,2,0,1,0,0,1,3,0,3,0,1,0,2,2,0,4,4,2,0,1,1,0,2,1,0,0,2,2,0,1,0,2,3,0,1,0,0,1,0,2,3,0,1,2,0,0,2,1,1,0,0,0,1,3,0,1,1,1,1,0,0,0,0,0,0,2,1,0,0,0,0,0,2,0,0,1,1,0,1,0,2,3,1,1,3,1,0,0,0,0,3,1,1,1,1,1,1,3,2,0,3,2,2,0,0,0,1,0,0,0,4,0,3,1,0,2,0,2,3,0,0,0,2,0,1,0,1,0,2,1,2,2,2,2,1,1,2,3,1,2,1,3,3,2,5,predict
PS-52_unicycler_I1+N1cc_99127_S7_length_4163943_depth_1.00x_circular_true/2108897-2109017,3,2,2,0,0,0,0,0,1,1,0,0,1,2,0,0,0,1,1,0,0,0,0,1,0,1,0,1,2,0,1,1,1,0,0,0,0,0,1,0,0,0,0,1,1,0,1,1,0,0,1,2,0,0,0,0,0,0,0,1,0,1,0,2,0,0,0,0,0,0,0,0,1,0,1,0,2,0,0,1,0,1,0,0,1,0,1,0,0,0,0,1,0,0,0,0,0,0,0,0,0,0,0,0,0,0,1,1,0,0,1,1,0,0,1,0,0,0,0,0,0,0,1,1,0,0,0,2,0,0,1,2,0,1,1,0,0,0,0,1,1,0,0,0,1,0,0,0,0,0,0,0,0,0,0,0,0,0,1,0,0,0,0,1,3,0,0,0,1,0,0,0,0,1,1,0,0,0,0,1,0,0,0,1,0,0,1,0,1,1,0,1,1,1,0,0,0,2,0,2,0,0,1,0,2,0,0,1,1,1,0,0,0,0,0,0,0,0,0,0,0,0,0,2,1,0,0,1,0,0,0,0,0,1,0,0,0,0,2,0,4,0,0,2,2,0,0,3,1,1,0,2,1,1,1,5,predict
PS-52_unicycler_I1+N1cc_99127_S7_length_4163943_depth_1.00x_circular_true/2683134-2683239,0,1,0,0,0,0,0,1,0,1,0,0,0,1,1,2,1,0,1,1,0,1,0,1,0,0,0,1,0,0,0,0,0,0,0,0,2,1,0,0,0,0,0,0,0,0,0,0,0,0,1,1,1,2,0,0,0,0,1,0,0,1,0,1,0,0,1,1,0,0,0,0,0,0,0,0,2,2,0,0,0,1,0,1,1,1,0,0,1,1,0,0,1,0,0,0,0,0,0,1,0,1,1,0,1,1,0,1,1,0,0,1,0,0,0,1,0,1,0,0,0,2,0,0,1,0,0,2,1,0,0,1,0,0,0,0,1,0,0,0,0,0,0,1,1,0,0,0,0,0,1,0,0,1,3,0,0,0,0,0,0,0,0,2,0,1,1,0,0,0,1,0,0,0,0,0,0,1,0,0,0,0,0,0,0,0,0,0,0,0,1,4,0,0,0,0,2,0,0,0,1,0,0,1,0,1,0,1,1,0,1,1,0,0,2,1,0,0,0,0,0,2,0,1,0,0,0,1,0,0,1,0,0,1,0,0,0,0,1,0,1,0,0,0,3,0,1,1,0,0,0,0,1,2,0,0,predict
PS-52_unicycler_I1+N1cc_99127_S7_length_4163943_depth_1.00x_circular_true/601987-601788,7,1,2,3,2,0,1,1,0,1,2,0,3,2,0,2,4,1,0,1,0,0,0,1,1,0,0,1,1,0,0,2,1,1,0,4,2,0,0,0,1,1,2,0,0,0,0,0,2,0,3,1,3,1,0,2,2,1,0,0,1,1,1,3,2,1,0,3,2,0,0,0,1,0,0,0,2,0,1,2,0,0,1,2,0,0,0,0,0,0,1,0,0,0,1,0,0,0,0,0,0,1,0,2,0,1,0,0,0,0,0,1,0,0,0,2,0,1,0,0,0,1,0,0,0,1,0,3,0,0,0,1,2,0,1,0,0,0,2,0,0,0,1,2,1,2,0,0,1,0,0,0,0,0,0,0,1,0,1,0,0,0,1,1,0,0,0,0,2,0,0,0,0,0,1,0,1,0,0,1,1,0,0,0,1,0,2,0,3,0,1,1,5,2,0,1,0,1,0,1,0,0,0,1,1,4,2,3,2,1,0,0,1,1,1,0,0,0,0,0,2,0,0,1,1,1,0,1,0,0,0,1,2,0,1,1,0,1,0,0,2,1,0,3,1,0,0,1,1,1,1,0,2,1,1,6,predict
PS-52_unicycler_I1+N1cc_99127_S7_length_4163943_depth_1.00x_circular_true/3714402-3714701,2,1,0,4,0,2,0,0,0,2,0,0,1,4,1,1,1,2,1,1,4,0,2,0,3,1,1,0,0,1,1,1,1,3,0,2,0,2,1,0,0,0,0,0,0,0,2,1,1,0,1,0,1,5,0,1,1,1,0,1,0,2,0,2,2,0,1,3,2,0,1,3,0,0,0,0,2,2,5,0,0,1,0,1,1,2,7,1,1,1,2,0,0,2,2,2,1,2,1,4,0,2,0,5,2,2,0,0,0,4,2,2,0,0,0,0,1,5,1,3,1,1,0,4,0,3,2,2,1,0,0,2,1,0,1,0,0,0,0,0,0,1,1,2,2,1,0,1,3,2,1,1,0,1,0,5,0,1,2,2,0,0,0,2,0,1,2,0,3,0,0,0,1,1,1,0,3,0,0,1,0,1,1,0,3,0,1,1,0,1,0,4,3,0,0,1,2,4,0,0,0,0,2,0,2,2,0,1,2,3,0,3,1,3,4,3,2,2,2,1,0,0,2,1,0,2,0,0,1,2,1,0,0,1,0,1,0,0,1,0,1,0,0,0,2,4,0,0,2,5,1,2,1,1,2,2,predict
PS-261a_unicycler_I1+N1cc_557799_S7_length_4269922_depth_1.00x/199938-199693,5,1,0,4,1,1,0,0,4,1,1,0,1,0,2,0,1,1,1,1,1,2,2,2,1,0,1,0,1,1,0,2,3,1,0,1,1,1,0,0,0,0,3,2,0,1,0,2,0,0,1,0,0,1,1,1,3,1,0,0,1,0,4,3,3,1,1,0,1,1,1,2,0,1,0,0,0,2,0,2,1,1,0,1,1,1,0,0,0,0,2,1,0,0,0,3,2,1,0,0,0,2,0,1,0,1,0,1,0,0,1,0,2,0,0,0,2,2,1,1,2,0,1,1,1,2,3,1,2,2,3,0,0,1,0,1,0,1,1,0,0,2,1,0,2,1,2,1,1,1,0,2,0,0,0,0,1,2,1,2,1,0,0,1,0,2,0,0,1,1,1,2,0,0,2,0,0,0,1,0,1,0,0,2,1,2,2,1,0,1,1,1,2,0,2,4,1,0,0,1,0,1,1,1,0,2,2,1,3,0,0,0,1,1,1,1,1,0,0,0,0,0,0,3,2,1,1,0,2,1,0,2,1,3,3,0,1,2,0,1,1,1,0,2,2,0,1,0,0,0,3,1,2,0,1,1,predict
PS-261a_unicycler_I1+N1cc_557799_S7_length_4269922_depth_1.00x/2278851-2278916,0,0,0,0,0,0,0,0,0,0,0,0,0,0,1,0,0,0,0,0,0,0,1,0,0,0,0,0,1,0,0,0,0,0,0,0,0,0,0,1,0,1,1,0,1,0,2,0,0,0,0,0,0,1,0,0,1,0,0,0,0,1,0,0,0,0,1,0,0,0,1,1,0,0,0,0,0,1,0,0,0,0,0,0,0,0,0,0,0,0,0,0,0,0,1,0,1,1,0,0,0,0,0,0,0,0,0,0,0,1,0,0,0,1,1,0,0,0,0,0,1,1,0,1,0,1,0,0,0,0,1,0,0,0,0,0,0,0,2,0,0,0,0,0,1,0,0,0,0,0,0,0,0,0,0,1,0,0,0,1,0,0,2,1,0,0,0,1,0,0,0,0,1,0,0,1,1,1,0,0,0,1,0,0,1,0,1,0,0,0,1,0,0,0,0,1,0,0,1,0,1,1,0,0,0,0,0,0,0,0,0,0,0,1,0,2,1,0,0,2,1,0,1,0,0,0,0,0,0,0,1,0,0,0,0,2,0,0,0,0,0,0,0,0,1,1,0,0,0,0,0,0,0,0,0,0,predict
PS-93_unicycler_I2+N3_99127_S2_length_4179885_depth_1.00x_circular_true/2121994-2122103,0,0,1,0,1,0,5,0,1,0,0,0,0,0,0,0,0,0,0,0,0,0,1,0,0,1,0,1,0,0,1,0,1,1,1,0,2,2,0,0,0,1,0,0,1,0,1,1,0,1,0,0,0,0,0,0,0,0,0,2,0,0,1,0,1,1,0,1,0,0,0,0,0,0,0,0,1,0,2,0,2,2,0,0,0,0,0,2,1,1,0,0,0,0,0,0,1,0,0,1,0,0,0,0,0,0,0,0,0,0,0,0,0,0,1,0,1,0,1,0,0,0,0,1,2,0,0,2,2,0,1,0,2,0,0,0,0,0,0,0,0,1,1,1,1,1,0,0,0,0,0,0,1,0,0,2,0,1,0,2,0,0,0,1,1,0,0,1,0,1,0,1,1,0,2,0,0,0,0,0,0,0,0,0,2,1,0,1,0,0,1,0,0,0,0,2,0,0,0,0,0,2,1,0,0,0,1,0,0,1,0,1,0,0,0,1,0,1,0,0,0,0,0,0,0,0,0,0,1,2,1,0,0,1,0,0,0,0,2,0,1,1,0,1,0,0,0,0,0,1,3,1,0,0,0,0,predict
PS-93_unicycler_I2+N3_99127_S2_length_4179885_depth_1.00x_circular_true/2593423-2593695,5,0,0,2,0,2,0,1,2,0,2,2,3,1,1,3,0,0,0,4,2,2,2,1,1,0,0,0,0,2,0,0,4,0,0,0,2,1,0,2,0,1,5,1,0,1,0,2,1,1,1,1,0,1,0,1,1,2,1,0,4,1,3,1,1,1,1,0,3,3,0,0,0,2,1,0,0,1,0,0,1,2,0,1,0,2,0,1,0,0,2,0,0,3,1,3,0,1,0,0,2,1,1,0,0,2,0,1,0,1,0,1,1,0,0,2,1,0,0,2,4,1,0,2,1,3,1,3,3,1,1,0,0,0,0,1,0,0,0,1,1,0,0,1,4,0,1,1,1,2,0,2,0,0,2,0,1,1,1,2,0,0,0,1,0,1,1,1,0,1,1,2,1,1,1,0,3,0,0,0,2,0,1,1,2,1,1,1,1,0,1,2,2,2,7,4,0,0,0,2,0,2,0,0,3,0,6,2,2,1,0,1,0,1,1,1,0,0,1,0,1,0,0,4,0,2,1,1,0,1,0,3,0,3,1,0,0,1,0,1,3,1,0,4,5,1,1,0,0,1,1,0,1,0,3,0,predict
PS-93_unicycler_I2+N3_99127_S2_length_4179885_depth_1.00x_circular_true/618236-618170,1,0,0,0,0,1,0,0,0,0,1,0,0,0,1,0,0,1,0,0,0,0,0,1,0,1,0,0,0,0,2,0,0,0,0,0,0,0,0,0,1,0,0,0,0,0,0,2,0,0,0,0,0,0,0,0,0,0,1,0,0,1,0,0,0,0,0,0,1,0,0,0,0,0,0,0,0,0,0,0,0,0,1,1,0,0,1,1,0,0,0,0,0,0,0,0,0,0,0,0,1,0,3,0,0,0,0,1,0,0,1,0,0,0,0,0,0,1,1,0,0,3,0,1,0,0,0,0,0,0,0,0,0,0,0,0,0,0,0,0,0,2,0,0,0,1,0,0,0,0,0,1,1,0,0,1,0,0,0,0,0,2,0,0,1,0,0,0,0,1,0,0,0,1,1,0,1,0,0,0,2,0,0,0,0,0,0,0,1,0,0,0,0,0,1,1,1,2,0,0,0,0,0,1,0,0,0,0,0,1,1,0,0,0,0,0,0,0,1,1,0,0,1,0,0,0,0,1,0,0,0,0,0,0,0,0,0,0,1,0,0,0,0,0,0,0,0,0,1,0,0,1,0,0,0,0,predict
PS-93_unicycler_I2+N3_99127_S2_length_4179885_depth_1.00x_circular_true/3140432-3140498,1,0,0,0,0,1,0,0,0,0,1,0,0,0,1,0,0,1,0,0,0,1,0,0,0,1,0,0,1,0,1,0,0,0,0,0,0,0,0,0,1,0,0,0,0,1,0,2,0,0,0,0,0,0,0,0,0,0,1,0,0,1,0,0,0,0,0,0,0,0,1,0,0,0,0,0,0,0,0,0,0,0,1,1,0,0,1,1,0,1,1,0,0,0,0,0,0,0,0,0,1,0,1,0,0,0,0,1,0,0,2,0,0,1,0,0,0,1,1,0,0,1,0,1,0,0,0,0,0,0,0,0,0,0,0,0,0,0,0,0,0,2,0,0,0,1,0,0,0,0,0,1,0,0,0,1,0,0,0,0,0,2,0,0,1,0,0,0,0,0,0,1,0,0,1,0,1,0,0,0,2,0,0,0,1,0,0,0,1,0,0,0,0,0,1,1,2,2,0,0,0,0,0,1,0,0,0,0,0,1,1,0,0,0,1,0,0,0,0,1,0,0,0,0,0,0,0,1,0,0,0,0,0,0,0,0,0,0,1,0,0,0,0,0,0,0,0,0,1,0,0,1,0,0,0,0,predict
PS-93_unicycler_I2+N3_99127_S2_length_4179885_depth_1.00x_circular_true/3737189-3737123,1,0,1,0,1,1,0,0,0,0,1,0,0,1,1,0,0,2,0,0,0,0,0,1,0,1,1,0,1,0,0,0,1,0,0,0,0,0,1,1,1,1,0,0,0,0,0,0,0,0,0,0,0,0,0,0,0,1,0,0,0,0,0,0,2,0,0,0,0,0,0,0,0,0,0,0,0,0,0,0,0,0,0,1,0,1,2,0,0,0,0,0,0,0,1,0,0,0,0,0,1,2,0,1,0,0,0,0,0,1,1,0,1,0,1,0,2,1,0,0,0,1,0,1,0,0,0,0,0,1,0,0,0,0,1,0,0,1,0,0,0,0,0,0,0,0,1,1,0,0,0,1,0,1,0,1,1,0,0,0,0,0,0,0,0,1,0,0,0,0,0,0,0,0,0,0,1,0,0,0,0,0,0,0,0,0,0,0,1,0,0,0,1,1,0,1,1,0,0,0,0,0,1,0,0,1,0,0,0,0,0,0,0,0,0,1,0,0,0,0,0,0,1,1,0,0,0,0,0,0,0,0,0,1,0,0,0,0,0,0,0,0,0,0,0,0,0,0,1,0,0,0,0,0,0,0,predict
PS-93_unicycler_I2+N3_99127_S2_length_4179885_depth_1.00x_circular_true/760228-760294,0,0,0,0,0,0,1,0,0,0,0,0,0,1,0,1,1,1,0,0,0,0,0,1,0,1,1,0,0,0,0,0,0,0,0,0,0,1,1,0,0,1,0,0,0,0,1,0,0,0,0,0,0,0,0,1,0,0,1,0,0,1,0,0,2,0,1,0,0,0,1,0,0,0,0,0,0,0,0,0,0,0,1,1,0,1,1,0,0,0,0,0,0,0,1,0,0,0,0,0,0,1,0,1,0,1,0,0,0,1,1,0,1,0,0,0,2,1,1,0,0,1,0,1,0,0,0,0,0,0,0,0,0,0,0,0,0,0,0,1,0,1,0,0,0,0,0,1,0,0,0,1,0,1,0,2,2,0,0,0,0,0,0,0,0,1,0,0,1,0,0,0,0,0,0,0,1,0,0,0,1,0,0,0,0,0,0,0,0,0,0,0,0,2,0,1,1,0,0,0,0,0,1,0,0,1,0,0,0,0,0,0,0,0,0,1,0,0,0,0,0,1,1,0,0,0,0,1,0,0,0,0,0,0,0,0,0,1,0,0,0,0,0,0,1,0,0,0,1,0,0,0,0,0,0,0,predict
PS-93_unicycler_I2+N3_99127_S2_length_4179885_depth_1.00x_circular_true/1534714-1534917,7,1,3,1,0,0,1,0,3,2,0,2,0,0,4,4,1,0,0,3,1,0,1,0,1,0,0,1,0,0,0,0,4,0,3,3,1,2,2,2,1,0,2,0,0,2,1,0,3,1,0,1,1,0,0,0,1,1,1,3,1,1,0,2,1,0,3,1,1,0,1,0,1,0,0,0,0,0,2,2,0,0,0,1,0,0,0,0,0,0,0,0,0,0,0,0,1,1,0,0,1,0,1,1,0,0,0,0,0,0,0,1,1,0,0,0,0,0,0,0,0,3,0,1,2,1,1,2,1,2,1,3,2,0,1,0,2,1,0,0,1,0,2,0,4,0,0,1,0,0,0,1,0,1,0,0,0,0,0,1,2,1,0,1,0,0,0,0,2,1,0,0,2,0,0,1,0,1,0,0,0,0,0,0,3,1,1,0,1,0,3,2,4,0,4,1,1,0,0,1,2,1,0,0,1,0,1,1,3,0,0,1,1,0,0,0,1,0,3,0,0,0,2,2,1,0,0,1,1,1,0,0,0,0,1,1,0,0,0,1,0,1,0,0,3,1,0,0,1,1,0,0,0,1,1,2,predict
PS-93_unicycler_I2+N3_99127_S2_length_4179885_depth_1.00x_circular_true/2533640-2533800,5,1,2,0,0,0,0,1,2,1,0,1,0,0,2,1,0,0,1,2,1,1,0,0,0,0,1,0,0,1,0,0,3,0,1,1,0,2,1,0,0,0,0,0,0,1,1,0,1,0,0,2,3,1,0,0,1,0,0,1,1,1,0,4,1,0,2,1,0,0,0,0,2,0,0,0,0,0,0,1,0,0,0,0,0,0,1,0,0,0,1,0,1,0,0,0,1,2,0,1,0,0,0,1,1,1,1,1,0,1,0,0,0,0,0,0,0,0,0,0,1,0,0,0,0,1,2,4,1,0,2,1,0,0,0,0,0,1,0,0,0,2,0,1,3,1,1,0,0,0,0,0,0,0,0,0,0,0,2,2,0,0,0,1,1,0,0,0,0,0,1,0,0,1,0,1,0,0,0,0,1,1,0,2,0,1,0,0,1,0,0,1,3,0,0,3,1,0,0,2,1,1,0,0,0,2,2,3,1,0,0,0,0,0,1,2,0,0,2,0,1,0,0,2,2,1,0,0,0,0,0,0,0,0,0,1,0,0,0,0,1,0,0,1,2,1,1,1,5,0,0,1,1,3,1,2,predict
PS-93_unicycler_I2+N3_99127_S2_length_4179885_depth_1.00x_circular_true/2103318-2103437,3,2,2,0,0,0,0,0,1,1,0,0,1,2,1,0,0,1,2,0,1,0,0,1,0,1,0,1,1,0,1,1,1,0,0,1,0,0,1,0,1,0,0,0,1,0,0,1,0,0,0,2,0,0,0,0,0,0,0,1,0,1,0,2,0,0,0,0,0,0,0,0,1,0,1,0,2,0,0,1,0,1,0,0,1,0,1,0,0,0,0,1,0,0,0,0,1,0,0,0,0,0,0,0,0,0,1,1,0,0,1,1,0,0,1,0,0,0,0,0,0,0,1,1,0,1,0,1,0,0,1,2,0,1,1,0,0,0,0,1,1,0,0,0,1,0,0,0,0,0,0,0,0,0,0,0,0,0,1,0,0,0,0,1,3,0,0,0,0,0,0,0,0,1,1,0,0,0,0,1,0,0,0,1,0,0,1,0,1,1,0,1,1,1,0,0,0,3,0,1,1,0,0,0,2,0,0,1,1,1,0,0,0,0,0,0,0,0,0,0,0,0,0,2,0,0,0,1,0,0,0,0,0,1,0,0,0,0,2,0,4,0,0,2,2,0,0,3,1,1,0,2,2,0,1,4,predict
PS-93_unicycler_I2+N3_99127_S2_length_4179885_depth_1.00x_circular_true/589434-589236,5,1,2,3,2,0,1,0,0,1,2,0,4,2,0,2,4,1,0,1,0,0,0,1,0,0,0,1,1,0,1,2,1,1,0,4,2,0,0,0,1,1,2,0,0,0,0,0,2,0,3,1,3,1,0,2,1,0,0,0,1,1,2,3,2,1,0,3,1,1,0,0,1,0,0,0,2,0,1,2,0,0,1,2,0,0,0,0,0,0,1,0,0,0,0,0,0,0,0,0,0,1,0,2,0,1,0,0,0,0,0,1,0,0,0,2,0,1,0,0,0,2,0,0,0,1,0,3,0,0,0,1,2,0,1,0,0,0,2,0,0,0,1,2,1,1,0,0,1,0,0,1,0,0,0,0,1,0,1,0,0,0,1,1,0,0,0,0,2,0,0,0,0,0,1,0,1,0,0,1,1,0,0,0,1,0,2,0,3,0,1,1,5,1,0,1,0,1,0,1,0,0,0,1,1,4,2,3,2,1,0,0,1,1,1,0,1,0,0,0,2,0,0,1,1,1,0,1,0,0,0,1,2,0,1,1,0,1,0,0,1,2,0,4,1,0,0,1,2,1,1,0,2,1,0,7,predict
PS-93_unicycler_I2+N3_99127_S2_length_4179885_depth_1.00x_circular_true/1809901-1810045,0,1,0,3,1,0,0,0,0,0,1,0,1,1,1,3,0,0,1,4,1,0,0,0,0,0,0,0,0,0,0,2,1,0,0,2,1,0,0,0,1,1,0,0,0,0,1,0,0,1,0,1,1,0,0,0,0,1,0,1,2,0,2,4,1,0,1,1,1,0,0,0,0,0,0,0,0,0,0,0,0,0,0,0,0,1,0,0,0,0,0,0,0,0,1,0,2,0,0,0,0,0,0,0,0,0,1,0,0,0,0,1,0,0,0,1,0,0,0,0,1,0,0,3,1,0,1,2,1,1,0,0,1,0,0,1,2,0,0,1,0,1,3,1,0,0,0,1,0,0,1,0,0,0,0,0,0,0,0,0,2,0,1,0,0,0,0,0,1,0,1,2,0,0,2,2,0,0,0,0,1,3,1,0,2,0,1,0,0,0,0,1,1,2,0,1,1,0,0,0,2,0,0,0,0,2,1,2,2,0,1,0,0,0,0,1,1,0,0,1,0,1,0,0,2,0,1,2,1,0,0,1,1,0,0,0,0,1,2,0,1,0,1,0,0,0,0,1,2,1,3,1,1,1,2,3,predict
PS-93_unicycler_I2+N3_99127_S2_length_4179885_depth_1.00x_circular_true/3730836-3731130,2,1,0,4,0,2,0,0,0,2,0,0,1,4,1,1,3,2,1,1,4,0,3,0,2,1,1,0,0,1,1,1,1,3,0,2,0,2,1,0,0,0,0,0,0,0,2,1,1,0,1,0,1,5,0,1,1,1,0,1,0,2,0,2,2,1,1,3,3,0,1,3,0,0,0,0,1,3,5,0,0,1,0,1,2,2,5,1,1,1,1,0,0,2,2,2,1,2,1,2,0,2,0,5,2,2,0,0,1,3,2,2,0,0,0,0,1,5,0,4,1,1,0,4,0,3,2,2,1,0,0,2,1,1,1,0,0,0,0,0,0,1,1,1,2,1,0,1,3,1,1,1,0,0,0,5,0,2,2,2,0,0,0,2,0,1,2,0,2,0,0,0,1,1,1,0,2,0,0,1,0,1,1,0,3,0,1,1,0,1,0,4,3,0,0,1,2,4,0,0,0,0,2,0,2,1,0,1,2,3,0,3,1,3,4,3,2,2,2,1,0,0,2,1,0,2,0,0,1,2,0,0,0,1,0,1,0,0,1,0,1,1,0,0,2,3,0,0,2,5,1,2,1,1,2,2,predict
PS-24_4121872circular_true_q1023579_ori/9812-9746,1,0,0,0,0,1,0,0,0,0,1,0,0,0,1,0,0,1,0,0,0,0,0,1,0,1,0,0,0,0,2,0,0,0,0,0,0,0,0,0,1,0,0,0,0,0,0,2,0,0,0,0,0,0,0,0,0,0,1,0,0,1,0,0,0,0,0,0,0,0,0,0,0,0,0,0,0,0,0,0,0,0,1,1,0,0,1,1,0,0,0,0,0,0,0,0,0,0,0,0,1,0,2,0,0,0,0,1,0,0,2,0,0,0,0,0,0,1,1,0,0,3,0,1,0,0,0,0,0,0,0,0,0,0,0,0,0,0,0,0,0,2,0,0,0,1,0,0,0,0,0,1,0,0,0,1,0,0,0,0,0,2,0,0,1,0,0,0,0,0,0,1,0,1,1,0,1,0,0,0,2,0,0,0,1,0,0,0,1,0,0,0,0,0,1,1,2,2,0,0,0,0,0,1,0,0,0,0,0,1,1,0,0,0,0,0,0,0,1,1,0,0,1,0,0,0,0,1,0,0,0,0,0,0,0,0,0,0,1,0,0,0,0,0,0,0,0,0,1,0,0,1,0,0,0,0,predict
PS-24_4121872circular_true_q1023579_ori/35161-35227,1,0,0,0,0,0,1,1,0,0,0,0,0,1,0,0,0,0,0,0,0,0,0,2,0,1,0,0,0,1,0,1,1,0,0,0,0,1,0,0,1,1,1,0,1,0,0,0,0,1,0,0,0,1,0,0,0,0,0,0,0,0,0,0,0,0,1,0,0,0,0,0,0,0,0,1,0,0,0,0,0,1,0,1,0,0,1,1,0,0,0,0,1,1,0,0,1,0,0,0,0,0,0,1,0,0,0,0,0,0,1,0,0,0,1,0,1,2,0,0,1,0,0,1,0,1,0,0,1,2,1,0,0,1,0,0,0,0,0,0,0,0,0,0,0,0,0,0,0,0,0,0,0,0,0,0,1,1,0,0,1,0,1,0,0,0,0,1,0,0,0,0,0,0,0,0,2,0,0,0,0,0,0,1,0,0,0,0,0,0,0,0,0,0,1,0,1,0,0,0,1,0,2,0,0,1,0,0,0,0,0,1,0,0,0,1,0,1,0,0,0,0,2,0,0,0,0,0,0,0,0,0,0,0,0,0,1,0,0,0,0,0,0,0,1,0,0,0,1,0,0,0,0,0,0,0,predict
PS-24_4121872circular_true_q1023579_ori/3742060-3741994,0,0,0,0,0,0,0,0,0,0,1,0,0,1,0,0,0,0,0,0,1,0,0,2,0,1,0,1,1,0,0,0,1,1,0,0,2,0,1,0,0,1,0,0,0,0,0,0,0,0,0,0,0,0,0,0,2,0,0,0,0,0,0,0,0,0,1,1,0,0,0,0,0,1,0,0,0,0,0,0,1,1,1,1,0,0,0,0,0,0,0,0,0,0,0,0,1,0,0,0,0,2,0,1,0,0,0,0,0,0,1,0,0,0,0,0,1,2,0,0,1,0,0,1,0,2,0,0,0,0,1,0,0,0,1,0,0,2,0,0,0,0,1,0,0,0,1,0,0,1,0,0,0,0,0,0,0,0,1,1,0,0,0,0,0,0,0,0,0,0,0,0,0,0,0,1,1,0,0,0,0,0,0,1,0,0,0,0,0,0,0,0,1,1,0,1,1,1,0,0,0,0,0,0,0,0,1,0,0,0,0,0,0,0,0,2,0,0,0,0,0,1,2,0,1,0,0,0,0,0,0,0,0,0,0,0,0,0,0,0,0,0,0,0,0,0,0,0,2,1,0,0,0,0,0,0,predict
PS-24_4121872circular_true_q1023579_ori/1488115-1488318,7,1,3,1,0,0,1,0,3,1,0,2,0,0,5,4,1,0,0,3,2,0,0,0,1,0,0,1,0,0,0,0,4,0,3,3,1,2,2,2,1,0,2,0,0,2,1,0,3,1,0,1,1,0,0,0,1,1,1,3,1,1,0,2,1,0,3,1,2,0,1,0,1,0,0,0,0,0,2,2,0,0,0,1,0,0,0,0,0,0,0,0,0,0,0,0,1,1,0,0,0,0,1,1,0,0,0,0,0,0,0,1,0,0,0,0,0,0,0,0,0,3,0,1,3,1,1,2,1,2,1,3,2,0,1,0,2,1,0,0,1,0,1,0,4,1,0,1,0,0,0,1,0,0,0,0,0,0,0,1,2,1,0,1,0,0,0,0,2,1,0,0,2,0,0,1,0,1,0,0,0,0,0,0,3,1,1,0,0,0,3,3,3,0,4,1,1,0,0,1,2,2,0,0,1,0,1,1,3,0,0,1,1,0,0,0,1,0,3,0,0,0,2,2,1,0,0,1,1,1,0,0,0,0,1,1,0,0,0,1,1,1,0,0,3,1,0,0,1,1,0,0,0,1,1,2,predict
PS-24_4121872circular_true_q1023579_ori/1921458-1921180,3,1,1,2,1,1,1,1,0,0,1,1,1,1,1,3,3,2,2,1,0,1,0,0,0,0,1,0,1,1,2,0,3,0,0,1,1,0,0,2,3,1,0,0,2,2,0,0,1,1,1,2,2,2,0,1,0,1,1,0,1,3,0,6,3,1,1,2,1,1,0,1,0,0,1,0,1,0,0,3,1,0,0,2,2,2,1,4,1,0,1,1,1,1,1,2,0,0,1,0,0,1,1,1,1,2,2,1,0,0,1,2,0,0,0,0,1,3,0,3,0,1,0,2,3,0,4,3,2,0,1,1,0,2,1,0,0,2,2,0,1,0,2,3,0,1,0,0,1,0,2,2,0,1,2,0,0,2,1,1,0,0,0,1,3,0,1,1,1,1,0,0,0,0,0,0,2,1,0,0,0,0,0,3,0,0,1,2,0,1,0,2,3,1,1,3,2,0,0,0,0,3,1,1,1,1,1,1,3,2,0,3,2,1,0,0,0,1,0,0,0,5,0,3,1,0,2,0,2,3,0,0,0,2,0,1,0,1,0,2,1,2,2,2,2,1,1,2,3,1,2,1,3,2,2,6,predict
PS-31_unicycler_4076871_circular/530919-530972,0,0,1,0,0,0,0,0,0,0,0,0,1,0,0,1,0,0,0,0,0,0,0,0,1,1,2,0,0,0,0,0,1,0,1,1,0,0,0,0,1,0,0,1,0,0,1,0,0,0,0,0,1,0,0,0,1,0,0,0,0,0,1,0,0,0,1,0,0,0,1,0,0,0,0,0,0,0,0,0,0,0,0,0,0,0,0,0,0,0,0,0,0,0,0,0,1,0,0,0,0,0,1,0,1,0,0,0,1,0,0,0,0,0,0,1,0,0,0,0,0,0,0,0,0,0,0,0,0,1,0,0,0,1,1,0,0,0,0,2,1,0,0,0,1,0,0,1,0,0,0,0,0,0,0,0,0,0,0,0,0,0,1,0,0,0,0,0,1,0,0,0,0,1,0,1,1,1,0,0,0,0,0,0,1,0,0,0,0,0,0,0,0,1,0,0,1,0,0,0,0,1,2,0,0,0,0,0,0,0,1,0,0,0,1,0,0,0,0,0,0,0,0,0,0,1,0,0,0,0,0,0,0,0,0,0,0,0,0,0,0,0,0,0,1,0,0,0,0,0,0,1,0,1,0,0,predict
PS-263_Unicycler_I2+N2_99127_S11_length_4096925_depth_1.00x_circular_true/3659126-3659060,2,1,1,0,1,1,0,0,0,0,1,0,0,1,1,0,0,2,0,0,0,0,0,1,0,1,1,0,1,0,0,0,1,0,0,0,0,0,1,1,1,1,0,0,0,0,0,0,0,0,0,0,0,0,0,0,0,1,0,0,0,0,0,0,3,0,0,0,0,0,0,0,0,0,0,0,0,0,0,0,0,0,0,1,0,1,2,0,0,0,0,0,0,0,1,0,0,0,0,0,1,2,0,1,0,0,0,0,0,1,1,0,0,0,1,0,2,1,0,0,0,1,0,1,0,0,0,0,0,1,0,0,0,0,1,0,0,1,0,0,0,0,0,0,1,0,1,1,0,0,0,1,0,1,0,1,0,0,0,0,0,0,0,0,0,1,0,0,0,0,0,0,0,0,0,0,1,0,0,0,0,0,0,0,0,0,0,0,1,0,0,0,0,0,0,1,1,0,0,0,0,0,1,0,0,1,0,0,0,0,0,0,1,0,0,0,0,0,0,0,0,0,1,1,0,0,0,0,0,0,0,0,0,1,0,0,0,0,0,0,0,0,0,0,0,0,0,0,1,0,0,0,0,0,0,0,predict
PS-263_Unicycler_I2+N2_99127_S11_length_4096925_depth_1.00x_circular_true/2016898-2017017,3,2,2,0,0,0,0,0,1,1,0,0,1,2,1,1,0,1,0,0,0,0,0,1,0,1,0,1,2,0,1,1,1,0,0,1,0,0,1,0,1,0,0,0,1,0,0,1,0,0,1,2,0,0,0,0,0,1,0,1,0,0,1,1,0,0,0,0,0,0,0,0,1,0,1,0,2,0,0,0,0,1,1,0,0,0,1,0,0,0,0,1,0,0,0,0,0,0,0,0,0,0,0,0,0,0,0,2,0,0,1,1,0,0,1,0,0,0,0,0,0,0,1,1,0,0,0,2,0,0,1,2,0,1,1,0,0,0,0,1,1,0,0,0,0,0,0,0,1,0,0,0,0,0,0,0,0,0,1,0,1,0,0,1,2,0,0,0,0,0,0,0,0,1,1,0,0,0,0,1,0,0,0,1,1,0,1,0,1,1,0,1,2,1,0,0,0,1,0,2,1,0,0,0,2,0,0,1,1,0,0,0,0,1,0,0,0,0,0,0,0,0,0,2,1,0,0,1,0,1,0,0,0,0,0,0,0,0,3,0,4,0,0,2,1,0,0,3,1,1,0,2,1,1,1,4,predict
PS-263_Unicycler_I2+N2_99127_S11_length_4096925_depth_1.00x_circular_true/3652765-3653064,2,1,0,4,0,2,0,0,0,2,0,0,1,4,1,1,1,2,1,1,4,0,2,0,3,1,1,0,0,1,1,1,1,3,0,2,0,2,1,0,0,0,0,0,0,0,2,1,1,0,1,0,1,5,0,1,1,1,0,1,0,2,0,2,2,0,1,3,3,0,1,3,0,0,0,0,1,3,5,0,0,1,0,1,1,2,6,2,1,1,2,0,0,2,2,2,1,3,1,2,0,2,0,5,2,2,0,0,0,4,2,2,0,0,0,1,1,5,1,3,1,1,0,4,0,3,2,2,1,0,0,2,1,0,1,0,0,0,0,0,1,1,1,1,3,1,0,1,3,2,1,1,0,1,0,5,0,1,2,2,0,0,0,2,0,1,2,0,3,0,0,0,1,1,1,0,2,0,0,1,0,1,1,0,2,0,1,1,0,1,0,4,3,0,0,1,2,4,0,0,0,0,2,0,2,1,0,1,2,3,0,3,1,3,4,3,1,2,2,1,1,0,2,1,0,2,0,0,1,2,1,0,0,1,0,1,0,0,1,0,1,0,0,0,2,4,0,0,3,5,1,2,1,1,2,2,predict
PS-217_unicycler_I3+N3-N1cc_2133557799_S4_length_4160406_depth_1.00x_circular_true/2088569-2088821,5,1,0,1,0,1,1,0,4,1,2,0,5,3,0,1,2,2,0,1,1,2,0,3,1,0,0,0,0,1,1,1,3,0,1,0,1,1,0,3,2,0,3,1,0,2,0,0,3,1,1,0,2,0,1,1,0,3,1,0,0,0,2,2,0,0,2,1,1,1,0,0,1,2,2,0,0,0,2,0,1,1,0,2,0,2,0,1,0,0,0,0,2,1,1,2,1,0,1,0,0,0,0,0,0,1,1,1,0,0,0,1,1,0,0,2,0,3,1,0,2,2,0,0,4,1,1,2,0,0,2,2,1,2,0,0,0,1,1,1,1,0,0,2,1,0,0,3,0,0,0,2,0,0,1,0,3,0,0,1,0,1,2,1,1,1,0,0,0,1,2,1,1,2,2,1,1,0,3,1,2,0,0,2,3,0,0,1,0,0,1,1,2,1,2,3,2,0,0,1,1,1,1,2,1,1,2,3,0,0,2,2,1,1,0,1,0,0,1,0,1,3,0,1,0,2,2,1,2,0,0,3,0,0,1,2,2,0,1,0,2,1,2,1,2,0,0,1,1,0,0,3,0,1,3,0,predict
PS-217_unicycler_I3+N3-N1cc_2133557799_S4_length_4160406_depth_1.00x_circular_true/200304-200026,7,0,1,3,0,1,0,2,3,2,2,0,6,0,1,0,2,1,0,2,0,2,0,0,0,0,1,2,0,2,1,4,2,1,0,1,0,0,2,3,3,0,4,1,0,3,0,0,0,0,3,2,1,1,0,2,1,0,1,3,3,0,2,0,1,0,0,2,0,0,0,1,0,3,0,0,0,3,0,0,0,1,0,0,0,1,2,0,1,0,0,1,1,1,0,2,1,1,1,0,0,0,0,1,1,0,0,0,0,0,1,1,4,0,1,2,1,2,1,0,1,1,0,2,4,0,1,0,2,1,4,0,2,0,0,1,0,1,1,2,1,1,0,1,1,0,1,0,0,0,1,0,0,1,0,2,2,0,0,2,1,0,1,2,2,0,1,0,0,0,1,1,2,1,2,3,2,0,1,2,0,1,0,2,2,1,2,0,1,2,2,1,2,1,6,1,0,0,1,1,1,2,2,2,2,2,2,3,1,0,1,2,1,1,1,2,1,0,0,0,0,0,0,1,1,2,1,0,1,1,1,1,1,1,1,2,2,0,1,3,4,1,0,3,3,1,0,0,0,1,1,1,1,0,4,2,predict
PS-217_unicycler_I3+N3-N1cc_2133557799_S4_length_4160406_depth_1.00x_circular_true/952216-952150,1,0,0,0,0,1,0,0,0,0,1,0,0,0,1,0,0,1,0,0,0,0,0,1,0,1,0,0,0,0,2,0,0,0,0,0,0,0,0,0,1,0,0,0,0,0,0,2,0,0,0,0,0,0,0,0,0,0,1,0,0,1,0,0,0,0,0,0,1,0,0,0,0,0,0,0,0,0,0,0,0,0,1,1,0,0,1,1,0,0,0,0,0,0,0,0,0,0,0,0,1,0,3,0,0,0,0,1,0,0,1,0,0,0,0,0,0,1,1,0,0,2,0,2,0,0,0,0,0,0,0,0,0,0,0,0,0,0,0,0,0,2,0,0,0,1,0,0,0,0,0,1,1,0,0,1,0,0,0,0,0,2,0,0,0,0,0,0,0,1,0,0,1,1,1,0,1,0,0,0,2,0,0,0,0,0,0,0,1,0,0,0,0,0,1,1,1,2,0,0,0,0,0,1,0,0,0,0,0,1,0,0,0,0,0,0,0,0,1,1,0,0,1,0,0,0,0,1,0,0,0,0,0,0,0,0,0,0,1,0,0,0,1,0,0,0,0,0,1,0,0,1,0,0,0,0,predict
PS-217_unicycler_I3+N3-N1cc_2133557799_S4_length_4160406_depth_1.00x_circular_true/3136283-3136349,1,0,0,0,0,1,0,0,0,0,1,0,0,0,1,0,0,1,0,0,0,0,0,1,0,1,0,0,0,0,2,0,0,0,0,0,0,0,0,0,1,0,0,0,0,0,0,2,0,0,0,0,0,0,0,0,0,0,1,0,0,1,0,0,0,0,0,0,1,0,0,0,0,0,0,0,0,0,0,0,0,0,1,1,0,0,1,1,0,0,0,0,0,0,0,0,0,0,0,0,1,0,4,0,0,0,0,1,0,0,0,0,0,0,0,0,0,1,1,0,1,4,0,0,0,0,0,0,0,0,0,0,0,0,0,0,0,0,0,0,0,2,0,0,0,1,0,0,0,0,0,1,1,0,0,1,0,0,0,0,0,2,0,0,1,0,0,0,0,1,0,0,0,1,1,0,1,0,0,0,2,0,0,0,0,0,0,0,1,0,0,0,0,0,1,1,1,2,0,0,0,0,0,1,0,0,0,0,0,1,1,0,0,0,0,0,0,0,1,2,0,0,1,0,0,0,0,1,0,0,0,0,0,0,0,0,0,0,1,0,0,0,0,0,0,0,0,0,0,0,0,0,0,0,0,0,predict
PS-217_unicycler_I3+N3-N1cc_2133557799_S4_length_4160406_depth_1.00x_circular_true/757778-757712,2,1,1,0,0,1,1,1,1,1,0,0,0,0,0,0,0,0,1,1,0,0,0,2,0,2,1,0,1,0,0,0,0,1,0,0,0,1,0,0,0,0,0,0,0,0,0,0,0,0,1,0,0,0,0,0,0,0,0,0,0,0,0,0,1,1,0,0,0,0,0,0,1,1,0,0,0,0,0,0,1,0,0,1,0,0,2,0,0,0,0,0,0,0,1,0,0,0,0,0,1,0,2,3,0,0,0,0,0,1,0,0,0,0,0,0,0,2,0,0,0,2,0,0,0,0,0,0,1,0,0,0,0,0,0,0,0,0,0,0,0,2,0,0,0,1,0,0,1,0,0,0,0,1,0,0,1,0,0,0,0,0,0,0,1,0,0,0,0,1,0,0,0,0,0,0,1,0,0,0,1,0,0,0,0,0,0,1,0,0,0,0,3,0,0,0,0,1,0,0,0,0,0,0,0,0,0,0,0,0,0,0,0,0,0,0,0,0,1,0,0,1,2,0,0,0,1,0,0,0,0,0,0,0,0,0,0,0,0,0,0,0,0,0,1,0,0,0,0,0,0,0,0,0,0,0,predict
PS-217_unicycler_I3+N3-N1cc_2133557799_S4_length_4160406_depth_1.00x_circular_true/1539756-1539959,7,1,3,1,0,0,0,0,3,2,0,2,0,0,4,4,1,0,0,2,1,0,1,0,1,0,0,1,0,0,0,1,4,0,3,3,1,2,2,1,1,0,2,0,0,2,1,0,3,1,0,1,1,0,0,0,1,1,1,3,1,1,1,2,1,0,3,1,1,0,1,0,1,0,0,0,0,0,2,2,0,0,0,1,0,0,0,0,0,0,0,0,0,0,0,0,0,1,0,0,1,0,1,1,0,0,0,0,0,0,0,1,1,0,0,0,0,0,0,0,0,3,0,1,2,1,1,2,1,2,1,3,1,0,1,1,2,1,0,0,1,0,2,0,4,0,0,1,0,0,0,1,0,1,0,0,0,0,0,1,2,1,0,1,0,0,0,0,2,1,0,0,2,0,0,1,0,1,0,0,0,0,0,0,3,1,1,0,1,0,3,2,4,0,4,1,1,0,0,1,2,1,0,0,1,0,1,1,3,0,0,1,1,0,0,0,1,0,2,0,0,0,2,2,2,0,0,1,1,1,0,1,0,0,1,1,0,0,0,1,0,0,0,1,3,1,0,0,1,1,1,0,0,1,1,2,predict
PS-217_unicycler_I3+N3-N1cc_2133557799_S4_length_4160406_depth_1.00x_circular_true/2070220-2070339,3,2,2,0,0,0,0,0,1,1,0,0,1,2,1,0,0,1,1,0,0,0,0,1,0,1,0,1,2,0,1,1,1,0,0,2,0,0,1,0,1,0,0,0,1,0,0,1,0,0,1,3,0,0,0,0,0,0,0,0,0,1,0,2,0,0,0,0,0,0,0,0,1,0,1,0,2,0,0,1,0,1,0,0,1,0,1,0,0,0,0,1,0,0,0,0,0,0,0,0,0,0,0,0,0,0,1,1,0,0,1,1,0,0,1,0,0,0,0,0,0,0,1,1,0,0,0,2,0,0,1,2,0,1,1,0,0,0,0,1,1,0,1,0,1,0,0,0,0,0,0,0,0,0,0,0,0,0,1,0,0,0,0,0,3,0,0,0,0,0,0,0,0,1,0,0,0,0,0,1,0,0,0,1,0,0,1,0,1,1,0,1,1,1,0,0,0,2,0,2,1,0,0,0,2,0,0,1,1,1,0,0,0,0,0,0,0,0,0,0,0,0,0,2,1,0,0,1,0,0,0,0,0,1,0,0,1,0,1,0,4,0,0,2,2,0,0,3,1,1,0,2,1,1,1,4,predict
PS-217_unicycler_I3+N3-N1cc_2133557799_S4_length_4160406_depth_1.00x_circular_true/3730169-3730468,2,1,0,4,0,2,0,0,0,2,0,0,1,4,1,1,1,2,1,1,4,0,2,0,3,1,1,0,0,1,1,1,1,3,0,2,0,2,1,0,0,0,0,0,0,0,2,1,1,0,1,0,1,5,0,1,1,1,0,1,0,2,0,2,2,0,1,3,3,0,1,3,0,0,0,0,1,3,5,0,0,1,0,1,1,2,7,1,1,1,2,0,0,2,2,2,1,3,1,3,0,2,0,5,2,2,0,0,0,4,2,2,0,0,0,0,1,5,1,3,1,1,0,4,0,3,2,2,1,0,0,2,1,0,1,0,0,0,0,0,0,1,1,2,3,1,0,1,3,2,1,1,0,1,0,5,0,1,2,2,0,0,0,2,0,1,2,0,3,0,0,0,1,1,1,0,2,0,0,1,0,1,1,0,3,0,1,1,0,1,0,4,3,0,0,1,2,4,0,0,0,0,2,0,2,1,0,1,2,3,0,3,1,3,4,3,2,2,2,1,0,0,2,1,0,2,0,0,1,2,1,0,0,1,0,1,0,0,1,0,1,0,0,0,2,4,0,0,2,5,1,2,1,1,2,2,predict
PS-218_Unicycler_I1+N2_33557799127_S8_length_4130126_depth_1.00x_circular_true/308993-309059,0,0,0,0,0,0,1,0,0,0,0,0,0,1,0,1,1,1,0,0,0,0,0,1,0,1,1,0,0,0,0,0,0,0,0,0,0,1,1,0,0,1,0,0,0,0,1,0,0,0,0,0,0,0,0,1,0,0,1,0,0,1,0,0,2,0,1,0,0,0,1,0,0,0,0,0,0,0,0,0,0,0,1,1,0,0,1,0,0,0,0,0,0,0,0,0,0,0,0,0,0,0,0,1,0,1,0,0,0,2,1,0,0,0,0,0,2,2,1,0,0,0,0,2,0,0,0,0,0,0,0,0,0,0,0,0,0,0,0,1,0,1,0,0,0,0,0,1,0,0,0,1,0,0,0,3,2,0,0,0,0,0,0,0,0,0,0,0,1,0,0,0,0,1,0,0,1,0,0,0,1,0,0,0,0,0,0,0,0,0,0,0,0,2,0,1,1,0,0,0,0,0,1,0,0,1,0,0,0,0,0,0,0,0,0,0,0,0,0,0,0,1,2,0,0,0,0,1,0,0,0,0,0,0,0,0,0,1,0,0,1,0,0,0,1,0,0,1,1,0,0,0,0,0,0,0,predict
PS-54_Unicycler_I2+N2_99127_S1_length_4270309_depth_1.00x_circular_true/2067609-2067717,0,0,1,0,1,0,4,0,1,0,0,0,0,0,1,0,0,0,0,0,0,0,1,0,0,1,0,1,0,0,1,0,1,1,1,0,2,2,0,0,0,1,0,0,1,0,1,1,0,1,0,0,0,0,0,0,0,0,0,2,0,0,1,0,1,1,0,1,0,0,0,0,0,0,0,0,1,0,2,0,2,2,0,0,0,0,0,1,1,0,0,0,0,0,0,0,1,0,0,1,1,0,0,0,0,0,0,0,0,0,0,0,0,1,1,0,1,0,1,0,0,1,0,1,2,0,0,1,2,0,1,0,2,0,0,0,0,0,0,0,0,1,1,1,1,1,0,0,0,0,0,0,1,0,0,2,0,1,0,2,0,0,0,1,1,0,0,1,0,1,0,1,1,0,2,0,0,0,0,0,0,0,0,0,2,1,0,1,0,0,1,0,0,0,0,2,0,0,1,0,0,2,1,0,0,0,0,0,0,0,0,2,0,0,0,2,0,1,1,0,0,0,0,0,0,0,0,0,0,2,1,0,0,1,0,0,0,0,2,0,1,1,0,0,0,0,0,0,0,1,2,1,0,0,0,0,predict
PS-54_Unicycler_I2+N2_99127_S1_length_4270309_depth_1.00x_circular_true/2263409-2263699,3,0,1,4,1,2,0,0,3,1,2,0,4,1,1,3,2,1,0,1,1,2,0,2,0,0,0,2,0,1,2,2,3,1,0,4,0,2,0,0,1,0,5,1,0,2,0,1,3,1,1,2,2,0,0,1,5,1,0,2,0,0,0,3,3,0,0,1,0,1,0,1,0,2,1,0,1,0,2,1,1,1,0,2,0,2,0,2,0,0,0,0,2,1,1,2,0,0,2,1,0,0,0,1,0,0,1,0,0,1,0,1,1,1,0,1,2,2,0,2,1,1,0,1,2,0,2,2,3,1,2,0,1,1,0,0,0,2,0,1,0,1,0,1,2,1,1,0,0,1,0,2,0,0,1,0,1,0,1,2,1,1,1,1,2,0,0,1,1,0,2,2,0,1,2,2,1,0,1,1,3,0,0,2,2,0,5,1,1,0,5,1,2,0,4,4,1,0,2,2,1,1,0,1,2,3,5,2,1,0,1,2,0,2,1,0,2,0,0,0,1,2,0,0,0,1,1,3,1,0,2,2,1,2,1,2,3,1,0,1,2,3,0,0,1,0,0,0,3,1,1,2,1,1,6,2,predict
PS-54_Unicycler_I2+N2_99127_S1_length_4270309_depth_1.00x_circular_true/9815-9749,1,0,0,0,0,1,0,0,0,0,1,0,0,0,1,0,0,1,0,0,0,0,0,1,0,1,0,0,0,0,1,0,0,0,0,0,0,0,0,0,1,0,0,0,0,0,0,2,0,0,0,0,0,0,0,0,0,0,1,0,0,1,0,0,0,0,0,0,1,0,0,0,0,0,0,0,0,0,0,0,0,0,1,1,0,0,1,1,0,0,0,0,0,0,0,0,0,0,0,0,1,0,3,0,0,0,0,1,0,0,1,0,0,0,0,0,0,1,1,0,0,3,0,1,0,0,0,0,0,0,0,0,0,0,0,0,0,0,0,0,0,2,0,0,0,1,0,0,0,0,0,1,1,0,0,1,0,0,1,0,0,1,0,0,1,0,0,0,0,2,0,0,0,1,1,0,1,0,0,0,2,0,0,0,0,0,0,0,1,0,0,0,0,0,1,1,1,1,0,0,0,0,0,1,0,0,0,0,0,1,1,0,0,0,0,0,0,0,1,1,0,0,1,0,0,0,0,1,0,1,0,0,0,0,0,0,0,0,1,0,0,0,0,0,0,0,0,0,0,0,1,1,0,0,0,0,predict
PS-54_Unicycler_I2+N2_99127_S1_length_4270309_depth_1.00x_circular_true/3890911-3890843,0,0,0,0,0,0,0,0,0,0,1,0,0,0,0,0,0,0,0,0,1,0,0,1,0,1,0,1,1,0,0,0,1,1,0,0,2,0,1,0,0,1,0,0,0,0,0,0,0,0,0,0,0,0,0,0,2,0,0,0,0,0,0,0,0,0,1,1,0,0,0,0,0,1,0,0,0,0,0,0,1,0,1,0,0,0,0,1,0,0,0,0,0,0,0,0,1,0,0,0,0,2,0,1,0,0,0,0,0,0,0,0,0,0,0,0,0,2,0,1,1,1,0,0,0,2,1,1,0,0,1,0,0,0,1,0,0,2,0,0,0,0,1,0,0,0,1,0,0,1,0,1,0,0,0,0,0,0,1,1,0,0,0,0,0,0,0,0,0,0,0,0,0,1,1,0,1,0,0,0,0,0,0,0,0,0,0,0,0,0,0,0,1,1,0,1,0,1,0,0,0,0,0,0,0,0,1,0,0,0,0,0,0,0,0,2,0,0,0,0,0,1,1,2,1,0,0,0,0,0,0,0,0,0,0,0,0,0,1,0,0,0,0,0,0,1,0,0,1,0,1,2,0,0,0,0,predict
PS-54_Unicycler_I2+N2_99127_S1_length_4270309_depth_1.00x_circular_true/2047497-2047616,2,2,1,1,0,0,0,0,1,1,0,0,1,2,1,0,0,1,1,0,0,0,0,1,0,1,0,1,1,0,2,1,1,0,0,0,0,0,1,0,1,0,0,0,1,0,0,1,0,0,0,3,0,0,0,0,0,0,1,1,0,1,0,2,0,0,0,0,0,0,0,0,0,0,1,0,2,0,0,1,0,1,0,0,1,0,1,0,0,0,0,1,0,0,0,0,0,0,0,0,0,0,0,0,1,0,1,1,0,0,1,1,0,0,1,0,0,0,0,0,0,0,1,1,0,1,0,1,1,0,1,2,0,1,1,0,0,0,0,1,1,0,0,0,1,0,0,0,0,0,0,0,0,0,0,0,0,0,1,0,0,0,0,1,3,0,0,0,0,0,0,0,0,1,1,0,0,0,0,1,0,0,0,1,0,0,0,0,1,1,0,1,1,1,0,0,0,2,0,2,0,0,0,0,3,0,0,1,1,1,0,0,0,0,0,0,0,0,0,0,0,0,0,2,1,0,0,1,0,0,0,0,0,1,0,0,0,0,2,0,4,0,0,2,2,0,0,3,1,1,1,2,2,0,1,4,predict
PS-54_Unicycler_I2+N2_99127_S1_length_4270309_depth_1.00x_circular_true/1907648-1907727,0,1,1,0,1,0,0,0,0,0,0,1,0,0,1,0,1,0,0,1,1,0,0,1,0,0,0,0,0,0,0,0,0,0,0,1,0,0,0,1,0,1,0,0,0,1,0,1,0,0,0,0,2,0,0,0,0,0,0,0,0,0,0,1,2,0,0,0,0,0,0,0,0,1,0,0,0,0,0,2,1,1,0,0,0,1,0,1,0,1,0,0,0,0,0,0,0,0,0,0,0,0,0,1,0,1,1,0,0,0,0,0,0,0,0,1,0,1,0,0,1,1,0,0,0,0,0,1,1,0,0,0,1,1,0,0,0,0,0,0,0,0,0,0,0,0,1,0,0,0,0,0,1,0,0,0,0,1,1,0,0,0,1,0,0,1,1,0,0,0,0,0,1,0,0,0,0,0,0,1,0,0,1,1,0,0,0,2,0,0,0,0,0,2,0,0,0,0,0,0,0,0,2,0,0,0,1,0,0,0,1,0,0,0,0,1,0,0,0,0,2,1,0,1,1,0,0,0,1,0,0,0,0,0,0,0,0,0,0,0,1,0,0,0,0,1,0,0,1,0,0,0,0,3,1,4,predict
PS-149_Unicycler_I2+N2_99127_S1_length_4102341_depth_1.00x_circular_true/2552102-2552369,4,0,2,0,2,2,0,1,3,1,2,0,3,2,0,1,0,2,0,1,2,1,1,1,0,2,1,0,2,1,0,1,1,0,2,0,0,3,1,1,0,1,3,2,1,2,1,1,0,1,1,0,1,2,0,1,1,1,0,2,0,1,2,2,3,1,1,1,0,1,0,1,0,4,1,0,2,0,2,0,1,0,0,0,1,1,1,3,0,1,1,0,0,2,1,2,0,0,2,0,2,0,1,2,3,1,0,0,0,0,0,0,0,0,1,4,0,0,0,1,1,0,2,1,0,0,2,4,1,2,1,2,1,0,2,1,0,2,1,1,1,0,1,1,1,0,2,0,2,0,0,1,1,0,1,1,3,0,2,2,2,0,0,1,0,1,0,2,1,1,1,2,1,0,2,1,2,0,1,0,0,2,0,1,2,2,2,0,3,0,1,0,1,0,1,3,0,0,1,1,1,0,2,1,0,0,2,1,3,2,1,2,0,1,0,1,0,0,0,0,1,1,1,1,2,4,1,0,2,2,0,1,1,0,1,1,1,1,0,2,2,1,3,2,1,0,2,1,1,2,0,2,0,2,2,1,predict
PS-20_unicycler_I3+N3-N1cc_99127_S4_length_4040387_depth_1.00x_circular_true/610253-610319,1,0,0,0,0,0,1,1,0,0,0,0,0,1,0,0,0,0,0,0,0,0,0,2,0,1,0,0,0,1,0,1,1,0,0,0,0,1,0,0,1,0,1,0,1,0,0,0,0,1,0,0,0,1,0,0,0,0,0,0,0,0,0,0,0,0,0,0,0,0,0,0,0,0,1,1,0,0,0,0,0,1,0,1,0,0,1,1,0,0,0,0,1,1,0,0,1,0,0,0,0,0,0,1,0,0,0,0,0,0,1,0,0,0,1,0,1,2,0,0,1,0,0,1,0,1,0,0,1,2,1,0,0,1,0,0,0,0,0,0,0,0,0,0,0,0,0,0,0,0,0,0,0,0,0,0,1,1,0,0,1,0,1,0,0,0,0,1,0,1,0,0,0,0,0,0,1,0,1,0,0,0,0,1,0,0,0,0,0,0,0,0,0,0,1,0,1,0,0,0,1,0,1,0,0,1,0,0,0,0,0,1,0,0,0,1,0,1,0,0,0,0,2,0,0,0,0,0,0,0,0,0,0,0,1,0,1,0,0,0,0,0,0,0,1,0,0,0,1,0,0,0,0,0,0,0,predict
PS-20_unicycler_I3+N3-N1cc_99127_S4_length_4040387_depth_1.00x_circular_true/165526-165596,1,0,0,0,0,0,1,2,0,0,0,0,0,1,0,0,0,1,0,0,0,0,0,2,0,1,0,0,0,1,0,1,1,0,0,0,0,1,0,0,2,0,1,0,1,0,0,0,0,1,0,0,0,1,0,1,0,0,0,0,0,0,0,0,0,0,1,0,0,0,0,0,0,0,0,1,0,0,0,0,0,1,0,1,0,0,1,1,0,0,0,0,1,2,0,0,1,0,0,0,0,0,0,1,0,0,0,0,0,0,1,0,0,0,1,0,1,2,0,0,1,0,0,1,0,1,0,0,1,3,1,0,1,1,0,0,0,0,0,0,0,0,0,0,0,0,0,0,0,0,0,0,0,0,0,0,1,0,0,0,2,0,1,0,0,0,0,0,0,0,0,0,0,0,0,0,2,0,0,0,0,0,0,0,0,0,0,0,0,0,0,0,0,0,1,0,1,0,0,0,1,0,2,0,0,1,0,0,0,0,0,1,0,0,0,1,0,1,0,0,0,0,2,0,0,0,0,0,0,0,0,0,0,0,0,0,1,0,0,0,0,0,0,0,1,0,0,0,1,0,0,0,0,0,0,0,predict
PS-20_unicycler_I3+N3-N1cc_99127_S4_length_4040387_depth_1.00x_circular_true/1728786-1728930,0,1,0,3,0,0,0,0,0,0,1,0,0,1,2,2,0,1,1,3,1,0,0,0,0,0,0,0,0,0,0,2,1,0,0,2,2,0,0,0,1,1,0,0,0,0,2,0,0,1,0,1,1,0,0,0,0,1,0,2,2,0,1,3,1,0,1,1,1,0,0,0,0,0,0,0,0,0,0,0,0,0,0,1,0,1,0,0,0,0,0,0,0,0,1,0,2,0,0,0,0,0,0,0,0,0,1,0,0,0,0,1,0,0,0,0,0,0,0,0,1,0,1,3,1,0,1,2,0,0,1,0,2,0,0,1,2,1,0,1,0,1,3,1,0,0,0,1,0,0,1,0,0,0,0,0,0,0,0,0,2,0,2,0,0,0,0,0,1,0,1,2,0,0,2,2,0,0,0,0,1,3,1,0,2,0,1,0,0,0,0,1,1,2,0,1,1,0,0,0,2,0,0,0,0,2,1,2,2,0,1,0,0,0,0,1,1,0,0,1,0,1,0,0,2,0,0,2,1,0,0,1,1,0,0,0,0,1,2,0,1,0,1,0,0,0,0,1,2,1,2,1,1,1,2,3,predict
PS-209_unicycler_I1+Pcct_33557799127_S5_length_4101484_depth_1.00x_circular_true/2063825-2063933,0,0,1,0,1,0,4,0,1,0,0,0,0,0,1,0,0,0,0,0,0,0,1,0,0,1,0,1,0,0,1,0,1,1,1,0,2,2,0,0,0,1,0,0,1,0,1,1,0,1,0,0,0,0,0,0,0,0,0,2,0,0,1,0,1,1,0,1,0,0,0,0,0,0,1,0,1,0,2,0,2,2,0,0,0,0,0,1,1,0,0,0,1,0,0,0,1,0,0,1,1,0,0,0,0,0,0,0,0,0,0,0,0,1,1,0,1,0,1,0,0,1,0,1,1,0,0,1,2,0,1,0,2,0,0,0,0,0,0,0,0,1,1,1,1,1,0,0,0,0,0,1,1,0,0,2,0,1,0,1,0,0,0,1,1,0,0,1,0,1,0,1,1,0,2,0,0,0,0,0,0,0,0,0,2,1,0,1,0,0,1,0,0,0,0,2,0,0,1,0,0,2,0,0,0,0,0,0,0,0,0,2,0,1,0,1,0,1,1,0,0,0,0,0,0,0,0,0,0,2,1,0,0,1,0,0,0,0,2,0,1,1,0,0,0,0,0,0,0,1,2,1,0,0,0,0,predict
PS-209_unicycler_I1+Pcct_33557799127_S5_length_4101484_depth_1.00x_circular_true/626957-626891,1,0,0,0,0,1,0,0,0,0,1,0,0,0,1,0,0,1,0,0,0,0,0,1,0,1,0,0,0,0,2,0,0,0,0,0,0,0,0,0,1,0,0,0,0,0,0,2,0,0,0,0,0,0,0,0,0,0,1,0,0,1,0,0,0,0,0,0,1,0,0,0,0,0,0,0,0,0,0,0,0,0,1,1,0,0,1,1,0,0,0,0,0,0,0,0,0,0,0,0,1,0,1,0,0,0,0,1,0,0,2,0,0,0,0,0,0,1,1,0,0,2,0,2,0,0,0,0,0,0,0,0,0,0,0,0,0,0,0,0,0,2,0,0,0,1,0,0,0,0,0,1,1,0,0,1,0,0,0,0,0,2,0,0,1,0,0,0,0,1,0,0,0,1,1,0,1,0,0,0,2,0,0,0,0,0,0,0,1,0,0,0,0,0,1,1,1,2,0,0,0,0,0,1,0,0,0,0,0,1,1,0,0,0,0,0,0,0,0,1,0,0,1,0,0,0,0,1,0,0,1,0,0,0,0,0,0,0,1,0,0,0,0,0,0,0,0,0,1,0,1,1,0,0,0,0,predict
PS-209_unicycler_I1+Pcct_33557799127_S5_length_4101484_depth_1.00x_circular_true/3703172-3703106,0,0,0,0,0,0,0,0,0,0,1,0,0,1,0,0,0,0,0,0,1,0,0,2,0,1,0,1,0,0,0,0,1,1,0,0,1,0,2,0,0,1,0,0,0,0,0,0,0,0,0,0,0,0,0,0,2,0,0,0,0,0,0,0,0,0,1,1,0,0,0,0,0,1,0,0,0,0,0,0,1,1,1,1,0,0,0,0,0,0,0,0,0,0,0,0,1,0,0,0,0,2,0,1,0,0,0,0,0,0,1,0,0,0,0,0,1,3,0,0,1,1,0,1,0,1,0,0,0,0,1,0,0,0,1,0,0,1,0,0,0,0,1,0,0,0,0,0,0,1,0,1,0,0,1,0,1,0,1,1,0,0,0,0,0,0,0,0,0,1,0,0,0,1,0,0,1,0,0,0,0,0,0,0,0,0,0,0,0,0,0,0,1,1,0,1,1,1,0,0,0,0,0,0,0,0,1,0,0,0,0,0,0,0,0,2,0,0,0,0,0,1,2,0,1,0,0,0,0,0,0,0,0,0,0,0,0,0,0,0,0,0,0,0,0,0,0,0,2,0,0,0,0,0,0,0,predict
PS-209_unicycler_I1+Pcct_33557799127_S5_length_4101484_depth_1.00x_circular_true/1894387-1894111,3,1,1,2,2,1,1,1,0,0,1,1,1,1,1,3,3,2,2,1,0,1,0,0,0,0,1,0,1,1,1,0,3,0,0,1,1,0,0,2,3,1,0,0,2,2,0,0,1,0,1,2,2,2,0,1,0,2,1,0,1,3,0,6,3,1,1,2,1,1,0,1,0,0,1,0,2,0,0,2,1,0,0,2,1,1,1,3,1,0,1,1,1,2,2,2,0,0,1,0,0,2,1,0,1,2,2,1,0,0,1,2,0,1,0,0,1,2,0,4,0,0,0,2,2,0,4,4,2,0,1,1,0,1,1,1,0,2,2,0,1,0,2,3,0,1,0,0,1,0,2,3,0,1,2,0,0,2,1,1,0,0,0,1,3,0,1,1,1,1,0,0,0,0,0,0,2,1,0,0,0,0,0,2,0,0,1,2,0,1,0,2,3,1,1,3,1,0,0,0,0,3,1,1,1,1,1,1,3,2,0,3,3,1,0,0,0,1,0,0,0,4,0,3,1,0,2,0,2,3,0,0,0,2,0,1,0,1,0,2,1,2,2,2,2,2,1,2,3,1,2,1,3,2,2,5,predict
PS-209_unicycler_I1+Pcct_33557799127_S5_length_4101484_depth_1.00x_circular_true/2040436-2040555,3,2,2,0,0,1,0,0,1,1,0,0,1,2,1,0,0,1,2,0,1,0,0,1,0,1,0,1,1,0,1,1,1,0,0,1,0,0,1,0,1,0,0,0,1,0,0,1,0,1,0,2,0,0,0,0,0,0,0,1,1,0,0,1,0,0,0,0,0,0,0,0,1,0,1,0,2,0,0,1,0,1,0,0,1,0,1,0,0,0,0,1,0,0,0,0,1,0,0,0,0,0,0,0,0,0,1,1,0,0,1,1,0,0,1,0,0,0,0,0,0,0,1,1,0,0,0,2,0,0,1,2,0,1,1,0,0,0,0,1,1,0,0,0,1,0,0,0,0,0,0,0,0,0,0,0,0,0,1,0,0,0,0,1,3,0,0,0,0,0,0,0,0,1,1,0,0,0,0,1,0,0,0,1,0,0,1,0,1,1,0,1,1,1,0,0,1,2,0,1,1,0,0,0,2,0,0,1,1,1,0,0,0,0,0,0,0,0,0,0,0,0,0,2,0,0,0,1,0,0,0,0,0,1,0,0,0,0,2,0,4,0,0,2,1,0,0,3,1,1,0,2,1,1,1,4,predict
PS-209_unicycler_I1+Pcct_33557799127_S5_length_4101484_depth_1.00x_circular_true/598150-597950,7,1,2,3,2,0,1,1,0,1,2,0,3,2,0,2,4,1,0,1,0,0,0,1,1,0,0,1,1,0,0,2,1,1,0,4,2,0,0,0,1,1,2,0,0,0,0,0,2,0,3,1,3,1,0,2,1,1,0,0,1,1,2,3,2,1,0,3,2,0,0,0,1,0,0,0,2,0,1,2,0,0,1,2,0,0,0,0,0,0,1,0,0,0,1,0,0,0,0,0,0,1,0,2,0,1,0,0,0,0,0,1,0,0,0,2,0,1,0,0,0,1,0,0,0,1,0,3,0,0,0,1,2,0,1,0,0,0,2,0,0,0,1,2,1,2,0,0,1,0,0,0,0,0,0,0,1,0,1,0,0,0,1,1,0,0,0,0,2,0,0,0,0,0,1,0,1,0,0,1,1,0,0,0,1,0,2,0,3,0,1,1,5,2,0,1,0,1,0,1,0,0,0,1,1,4,2,3,2,1,0,0,1,1,1,0,0,0,0,0,2,0,0,1,1,1,0,1,0,0,0,1,2,0,1,1,0,1,0,0,2,1,0,3,1,0,0,1,2,1,1,0,2,1,0,7,predict
PS-209_unicycler_I1+Pcct_33557799127_S5_length_4101484_depth_1.00x_circular_true/1751165-1751309,0,1,0,3,2,0,0,0,0,0,1,0,0,1,1,2,0,1,1,3,0,0,1,0,0,0,0,0,0,0,0,2,2,0,0,2,1,0,0,0,1,1,0,0,1,0,1,0,0,1,0,1,1,0,0,0,0,1,0,2,2,0,1,3,0,0,1,1,1,0,0,0,0,0,0,0,0,0,0,0,0,0,0,1,0,1,0,0,0,0,0,0,0,0,1,0,3,0,0,0,0,0,0,0,0,0,1,0,0,0,0,1,0,0,0,0,0,0,0,0,1,0,1,3,1,0,1,2,1,1,1,0,1,0,0,1,2,0,0,1,0,1,4,1,0,0,0,1,0,0,1,0,0,0,0,0,0,0,0,0,1,0,1,0,0,0,0,0,1,0,1,2,0,0,2,2,0,0,0,0,1,3,1,0,2,0,1,0,0,0,0,1,1,2,0,1,1,0,0,0,2,0,0,0,0,2,1,2,1,0,1,0,0,0,0,1,2,0,0,1,0,1,0,0,2,0,0,2,1,0,0,1,1,0,0,0,0,1,2,0,2,0,1,0,0,0,0,1,1,1,2,1,1,1,2,3,predict
PS-233_Unicycler_I2+N2_99127_S1_length_4234032_depth_1.00x_circular_true/2253128-2253415,4,1,1,4,0,4,0,0,3,1,1,1,4,0,1,2,3,1,0,1,2,2,0,1,1,0,0,2,0,0,1,3,3,1,1,4,1,3,0,0,1,0,5,2,0,1,0,1,2,1,1,1,2,0,0,1,5,0,0,2,0,0,1,4,2,1,0,1,1,1,2,0,0,3,2,0,1,0,1,1,1,1,1,1,0,1,0,2,0,0,0,0,1,1,1,2,1,0,1,2,0,0,0,1,0,0,1,0,0,1,0,1,1,1,0,1,2,2,0,1,2,1,0,1,1,1,2,2,3,1,2,0,2,0,0,0,1,1,1,1,0,1,0,1,3,1,2,0,0,0,0,3,0,0,1,0,1,0,1,2,1,0,1,0,2,1,0,1,1,0,1,1,0,1,2,2,1,1,1,1,3,0,0,1,2,1,2,0,2,0,4,2,2,0,4,4,1,0,2,2,0,0,1,1,2,3,5,2,1,0,1,1,1,2,1,1,1,1,0,0,1,2,0,0,0,3,1,3,0,0,1,2,2,3,0,0,2,0,0,1,2,2,0,0,0,0,0,0,3,1,2,1,1,1,5,1,predict
PS-233_Unicycler_I2+N2_99127_S1_length_4234032_depth_1.00x_circular_true/2206568-2206633,0,0,0,0,0,0,1,0,0,0,0,0,0,0,0,0,0,0,0,0,0,1,0,0,0,0,1,1,1,0,1,0,0,1,0,0,0,0,0,1,0,1,1,0,1,0,2,0,0,0,0,0,0,1,0,0,1,0,0,0,0,0,0,0,0,1,0,1,0,0,1,0,0,0,0,0,0,1,0,0,1,0,0,0,0,0,0,0,0,0,0,0,0,0,1,0,1,0,0,0,0,0,0,0,0,0,1,0,0,1,0,0,0,0,1,0,0,1,0,0,1,1,0,1,0,0,0,0,0,1,0,0,0,0,0,0,0,0,2,0,0,0,0,0,0,0,0,0,0,1,0,0,1,0,0,1,0,0,0,1,1,0,1,0,0,0,0,1,0,0,0,1,0,1,0,1,1,0,0,0,0,0,0,1,1,0,0,0,1,0,1,0,1,0,1,0,0,0,1,0,0,1,0,0,0,1,1,0,0,0,0,0,1,0,0,1,0,0,0,1,0,0,0,0,0,0,0,1,0,0,1,0,0,0,0,1,0,0,0,0,0,0,0,0,0,0,1,0,1,0,0,0,0,0,0,0,predict
PS-64_Unicycler_I2+N2_99127_S1_length.../317499-317565,0,0,0,0,0,0,1,0,0,0,0,0,0,1,0,1,1,1,0,0,0,0,0,1,0,1,0,0,0,0,0,0,0,0,0,0,0,1,1,0,0,1,0,0,0,0,1,0,0,0,0,0,0,0,0,1,0,0,2,0,0,1,0,0,2,0,1,0,0,0,0,0,0,0,0,0,0,0,1,0,0,0,1,1,0,0,1,0,0,0,0,0,0,0,0,0,0,0,0,0,0,1,0,0,0,1,0,0,0,1,1,0,1,0,0,0,2,2,1,0,0,1,0,1,0,0,0,0,0,0,0,0,0,0,0,0,0,0,0,1,0,1,0,0,0,0,0,1,0,0,0,1,0,0,0,3,2,0,0,0,0,0,0,0,0,0,0,0,1,0,0,0,0,1,0,0,1,0,0,0,1,0,0,0,0,0,0,0,0,0,0,0,0,1,0,2,1,0,0,0,0,0,1,0,0,1,0,0,0,0,0,0,0,0,0,1,0,0,0,0,0,1,2,0,0,0,0,1,0,0,0,1,0,0,0,0,0,1,0,0,0,0,0,0,1,0,0,0,1,0,0,0,0,0,0,0,predict
PS-108_unicycler_I3+Pcct_99127_S6_length_4146198_depth_1.00x_circular_true/3076648-3076714,1,0,0,0,0,1,0,0,0,0,1,0,0,0,1,0,0,1,0,0,0,0,0,1,0,1,0,0,0,0,2,0,0,0,0,0,0,0,0,0,1,0,0,0,0,0,0,2,0,0,0,0,0,0,0,0,0,0,1,0,0,1,0,0,0,0,0,0,1,0,0,0,0,0,0,0,0,0,0,0,0,0,1,1,0,0,1,1,0,0,0,0,0,0,0,0,0,0,0,0,1,0,3,0,0,0,0,1,0,0,1,0,0,0,0,0,0,1,0,1,0,3,0,1,0,0,0,0,0,0,0,0,0,0,0,0,0,0,0,0,0,2,0,0,0,1,0,0,0,0,0,1,1,0,0,0,0,0,0,1,0,2,0,0,0,0,0,0,0,1,0,0,0,1,1,0,1,0,0,0,2,0,0,0,0,0,0,0,1,0,0,0,0,0,1,1,1,2,0,0,0,0,0,1,0,0,0,0,0,1,1,0,0,0,0,0,0,0,1,1,0,0,1,0,0,0,0,1,1,0,0,0,0,0,0,0,0,0,0,0,0,0,0,0,0,0,0,0,1,0,0,1,0,0,1,0,predict
PS-15_unicycler_I1+N1cc_99127_S7_length_4101297_depth_1.00x_circular_true/2028149-2028268,3,1,2,0,0,0,0,0,1,1,0,0,1,2,1,0,0,1,2,0,1,0,0,1,0,1,0,1,0,1,1,1,1,0,0,1,0,0,1,0,1,0,0,0,1,0,0,1,0,0,0,2,0,0,0,0,0,0,0,1,0,1,0,2,0,1,0,0,0,0,0,0,1,0,1,0,1,0,0,1,0,1,0,0,1,0,1,0,0,0,0,1,1,0,0,0,1,0,0,0,0,0,0,0,0,0,1,1,0,0,1,1,0,0,1,0,0,0,0,0,0,0,1,1,0,0,0,2,0,0,1,2,0,1,1,0,0,0,0,1,1,0,0,0,1,0,0,0,0,0,0,0,0,0,0,0,0,0,1,0,0,0,0,1,3,0,0,0,0,0,0,0,0,1,1,0,0,0,0,1,0,0,0,1,0,0,1,0,1,1,0,1,1,1,0,0,0,3,0,1,1,0,0,0,2,0,0,1,1,1,0,0,0,0,0,0,0,0,0,0,0,0,0,2,0,0,0,1,0,0,0,0,0,1,0,0,0,0,2,0,4,0,0,1,2,0,0,4,1,1,0,2,1,1,1,4,predict
PS-15_unicycler_I1+N1cc_99127_S7_length_4101297_depth_1.00x_circular_true/3664289-3664588,2,1,0,4,0,2,0,0,0,2,0,0,1,4,1,1,0,2,1,1,3,0,2,0,3,1,1,0,1,1,1,1,1,3,0,2,0,2,1,0,0,0,0,0,0,0,2,1,2,0,1,0,1,5,0,1,1,1,0,1,0,2,0,2,2,0,1,2,3,0,1,3,0,0,0,0,1,3,5,0,0,1,0,1,1,2,7,1,1,1,2,0,0,2,2,2,1,3,1,3,0,2,0,5,2,2,0,0,0,4,2,2,0,0,0,0,1,5,1,3,1,1,0,4,0,3,2,2,1,0,0,2,1,0,1,0,0,0,0,0,0,1,1,2,3,1,0,1,3,2,1,1,0,1,0,5,0,1,2,2,0,0,0,2,0,1,2,0,3,0,0,0,1,1,1,0,2,0,0,1,0,1,1,0,3,0,1,1,0,1,0,4,3,0,0,2,2,3,0,1,0,0,2,0,2,1,0,1,2,3,0,3,1,3,4,3,2,2,2,1,0,0,2,1,0,2,0,0,1,2,1,0,0,1,0,1,0,0,1,0,1,0,0,0,2,4,0,0,2,5,1,2,1,1,2,2,predict
PS-160a_unicycler_I1+N1cc_213355_S7_length_4091806_depth_1.00x/1836528-1836271,4,1,0,2,3,2,0,0,2,1,1,0,3,1,0,2,1,1,0,1,0,2,0,2,0,1,1,0,1,1,3,2,1,1,0,0,1,1,0,3,2,0,4,0,1,1,0,1,3,0,1,0,1,1,1,1,1,1,0,0,0,0,0,1,0,1,0,1,2,1,0,0,0,1,2,0,0,0,2,0,1,3,0,2,1,3,0,1,0,0,0,0,2,1,1,2,0,0,3,1,0,0,0,1,0,1,1,0,0,1,0,1,1,0,0,2,0,2,0,1,3,2,0,1,2,1,2,4,0,0,2,0,1,1,0,0,0,1,0,1,1,1,0,1,2,1,1,1,0,0,0,3,0,0,0,2,1,0,0,1,1,0,1,2,2,1,1,2,0,0,2,2,0,2,2,0,0,0,0,1,2,0,2,1,3,3,2,0,1,0,3,2,2,1,2,2,1,0,1,1,1,2,1,1,1,2,5,0,0,0,2,1,1,1,0,2,0,1,0,0,1,2,1,2,0,2,2,1,0,1,0,3,0,1,2,2,1,0,0,1,2,2,0,2,1,0,0,0,3,1,1,2,0,0,4,1,predict
PS-160a_unicycler_I1+N1cc_213355_S7_length_4091806_depth_1.00x/1883249-1883140,1,0,2,0,0,0,0,0,2,1,3,1,0,0,0,1,0,0,0,0,0,0,0,0,0,0,0,0,0,1,1,1,2,2,3,0,1,0,0,3,1,1,0,0,0,0,0,1,0,0,0,0,0,0,0,0,1,0,0,1,2,0,1,0,1,0,1,0,1,2,0,0,0,0,0,0,0,0,0,0,1,0,0,0,0,1,0,2,0,1,0,0,0,1,0,2,0,0,1,0,1,0,0,0,1,0,0,0,0,0,0,0,1,0,0,1,0,1,0,1,0,1,0,0,0,0,1,0,2,0,1,1,0,0,2,0,1,0,1,1,0,0,0,0,0,1,2,0,0,0,0,1,2,0,0,0,1,0,0,0,0,0,0,0,0,0,0,1,2,1,0,0,0,0,0,1,0,1,1,1,0,1,0,0,0,0,0,0,1,0,0,1,1,0,0,0,1,0,0,0,1,0,1,0,0,0,3,0,0,1,0,0,0,1,0,1,0,0,0,0,1,1,0,0,1,1,1,0,0,0,0,0,0,0,0,0,0,2,0,0,0,0,0,0,1,0,1,0,0,1,1,1,0,0,0,1,predict
PS-194_Unicycler_I3+N2_99127_S3_length_4401718_depth_1.00x_circular_true/2293474-2293735,5,1,0,2,1,1,0,1,2,0,1,1,2,1,0,2,3,1,0,2,1,3,1,1,0,0,0,0,1,2,0,1,2,0,1,0,1,1,0,2,2,0,4,1,1,1,0,2,3,1,1,0,2,0,0,1,2,1,1,1,0,2,2,1,1,0,1,3,1,0,0,1,0,2,1,0,0,1,1,0,2,1,1,2,0,2,0,1,0,0,0,0,1,2,2,2,1,0,0,1,0,0,0,1,0,0,3,0,0,0,0,1,1,0,0,1,1,2,0,0,1,3,0,1,2,0,2,5,0,0,3,1,1,2,0,0,0,2,0,1,1,0,1,2,1,0,1,0,0,0,0,4,0,0,0,1,1,0,0,2,1,0,1,1,2,1,0,0,0,0,1,2,0,2,2,1,1,0,1,0,3,1,0,2,2,1,2,1,0,0,2,1,1,3,3,1,0,0,1,1,2,2,1,1,2,1,5,1,1,0,2,2,0,2,0,1,0,0,1,0,1,3,0,1,0,2,1,1,2,1,0,2,0,1,1,2,2,1,0,0,2,1,0,3,3,0,0,1,1,1,1,1,1,0,4,2,predict
