nameseq,k-tsallis12.3,k-tsallis22.3,k-tsallis32.3,k-tsallis42.3,k-tsallis52.3,label
PS-196_unicycler_I3+Pcct_99127_S6_length_4136064_depth_1.00x_circular_true/14626-14741,0.6361398099471692,0.7439720489818016,0.7633452204865245,0.7667610334828607,0.7674761549102769,predict
PS-196_unicycler_I3+Pcct_99127_S6_length_4136064_depth_1.00x_circular_true/632412-632527,0.6345560969835904,0.7436542883778808,0.7632335303794515,0.7666222567477992,0.7673890689092164,predict
PS-196_unicycler_I3+Pcct_99127_S6_length_4136064_depth_1.00x_circular_true/183043-183158,0.6370270392051892,0.744896507661983,0.76363331269254,0.7667610334828607,0.7674761549102769,predict
PS-196_unicycler_I3+Pcct_99127_S6_length_4136064_depth_1.00x_circular_true/928483-928598,0.635655060136565,0.7444457077711029,0.7635442980039676,0.7667610334828607,0.7673890689092164,predict
PS-196_unicycler_I3+Pcct_99127_S6_length_4136064_depth_1.00x_circular_true/3086916-3086762,0.637708477238284,0.7446311171791565,0.7635495559106398,0.7671727700761227,0.7679904598657574,predict
PS-196_unicycler_I3+Pcct_99127_S6_length_4136064_depth_1.00x_circular_true/11655-11809,0.6373135172543294,0.7443012180832983,0.7634247145970209,0.7671727700761227,0.7679904598657574,predict
PS-196_unicycler_I3+Pcct_99127_S6_length_4136064_depth_1.00x_circular_true/9746-11295,0.6371551484482093,0.7463822586795873,0.7651773850873311,0.768432119781759,0.7690194890078833,predict
PS-196_unicycler_I3+Pcct_99127_S6_length_4136064_depth_1.00x_circular_true/923724-925273,0.6371248291266097,0.746367357214756,0.7651714233630748,0.768429455548663,0.7690184140781686,predict
PS-196_unicycler_I3+Pcct_99127_S6_length_4136064_depth_1.00x_circular_true/160822-162371,0.6370554799782946,0.7463502772466913,0.7651731116372187,0.7684291947598114,0.7690191461827923,predict
PS-196_unicycler_I3+Pcct_99127_S6_length_4136064_depth_1.00x_circular_true/30215-31764,0.6370239483764281,0.7463428798741069,0.7651728668019687,0.7684295155529088,0.7690197868528491,predict
PS-196_unicycler_I3+Pcct_99127_S6_length_4136064_depth_1.00x_circular_true/3088647-3087099,0.6371603756459188,0.7463770716153034,0.7651792342160456,0.7684344738108732,0.769020122352299,predict
PS-196_unicycler_I3+Pcct_99127_S6_length_4136064_depth_1.00x_circular_true/9751-11293,0.6368512645090927,0.7462905603475187,0.7651606510819514,0.7684294602320705,0.7690185930114312,predict
PS-196_unicycler_I3+Pcct_99127_S6_length_4136064_depth_1.00x_circular_true/923729-925271,0.6368182663975581,0.7462755744774121,0.7651549458289346,0.7684267680632972,0.7690175068032516,predict
PS-196_unicycler_I3+Pcct_99127_S6_length_4136064_depth_1.00x_circular_true/160827-162369,0.6367475555268969,0.7462587537287061,0.7651566517938677,0.7684265045399575,0.7690182465893229,predict
PS-196_unicycler_I3+Pcct_99127_S6_length_4136064_depth_1.00x_circular_true/30220-31762,0.6367133358502639,0.7462509013595992,0.7651564043930814,0.7684268286967144,0.76901889398147,predict
PS-196_unicycler_I3+Pcct_99127_S6_length_4136064_depth_1.00x_circular_true/3088642-3087101,0.6368589991692999,0.7462849472250845,0.7651625303967481,0.7684318420469582,0.7690192335358386,predict
PS-196_unicycler_I3+Pcct_99127_S6_length_4136064_depth_1.00x_circular_true/9751-11290,0.6367480187652541,0.7462589814001381,0.7651536905127783,0.7684271719623291,0.7690178524690225,predict
PS-196_unicycler_I3+Pcct_99127_S6_length_4136064_depth_1.00x_circular_true/3088642-3087104,0.6367542231488984,0.7462529617948531,0.7651555833150857,0.7684295641102179,0.7690184955742981,predict
PS-196_unicycler_I3+Pcct_99127_S6_length_4136064_depth_1.00x_circular_true/923729-925268,0.6367155299318079,0.7462439282567722,0.7651479596315643,0.7684244676923611,0.7690167613751964,predict
PS-196_unicycler_I3+Pcct_99127_S6_length_4136064_depth_1.00x_circular_true/160827-162366,0.6366445018384651,0.74622703199783,0.7651496732597519,0.7684242029844941,0.7690175044887452,predict
PS-196_unicycler_I3+Pcct_99127_S6_length_4136064_depth_1.00x_circular_true/30220-31759,0.6366107875843544,0.7462191443785535,0.7651494247476325,0.768424528598323,0.769018154792792,predict
PS-196_unicycler_I3+Pcct_99127_S6_length_4136064_depth_1.00x_circular_true/3086930-3084001,0.6362720061369498,0.745603162182387,0.7649360472005918,0.7684084706477218,0.7690495375504852,predict
PS-196_unicycler_I3+Pcct_99127_S6_length_4136064_depth_1.00x_circular_true/11641-14570,0.636260911061507,0.7456093991300486,0.7649391335227522,0.7684087612448935,0.7690491273903292,predict
PS-196_unicycler_I3+Pcct_99127_S6_length_4136064_depth_1.00x_circular_true/162540-165469,0.6362570814526262,0.745601565011532,0.764940384581844,0.7684103615131513,0.7690494025480007,predict
PS-196_unicycler_I3+Pcct_99127_S6_length_4136064_depth_1.00x_circular_true/92114-95043,0.6362463216442408,0.7455969662409211,0.7649352595699002,0.7684082617535513,0.7690493697125088,predict
PS-196_unicycler_I3+Pcct_99127_S6_length_4136064_depth_1.00x_circular_true/32109-35038,0.6362313969599172,0.7455953690700661,0.7649352318841272,0.7684082470277837,0.7690492506576186,predict
PS-196_unicycler_I3+Pcct_99127_S6_length_4136064_depth_1.00x_circular_true/925442-928371,0.636260911061507,0.7456078496063901,0.7649422749170678,0.7684101708427693,0.7690491383426254,predict
PS-196_unicycler_I3+Pcct_99127_S6_length_4136064_depth_1.00x_circular_true/180058-182987,0.6362823965540761,0.745606982644688,0.7649390170568572,0.7684101828373551,0.7690494784858888,predict
PS-196_unicycler_I3+Pcct_99127_S6_length_4136064_depth_1.00x_circular_true/162542-165469,0.6362434399570874,0.745592349082485,0.7649387870069787,0.7684101829635098,0.7690491876068342,predict
PS-196_unicycler_I3+Pcct_99127_S6_length_4136064_depth_1.00x_circular_true/3086928-3084001,0.636258216592812,0.7455939487645287,0.7649344428038473,0.76840828912309,0.7690493228217974,predict
PS-196_unicycler_I3+Pcct_99127_S6_length_4136064_depth_1.00x_circular_true/92116-95043,0.6362323113282884,0.745587743081351,0.7649336539343615,0.768408079900256,0.769049154719663,predict
PS-196_unicycler_I3+Pcct_99127_S6_length_4136064_depth_1.00x_circular_true/32111-35038,0.6362175346925637,0.7455861433993073,0.7649336262050441,0.7684080651513197,0.7690490354773939,predict
PS-196_unicycler_I3+Pcct_99127_S6_length_4136064_depth_1.00x_circular_true/11643-14570,0.6362467522481215,0.7455999711558631,0.7649374646640525,0.7684085801774724,0.7690489120160957,predict
PS-196_unicycler_I3+Pcct_99127_S6_length_4136064_depth_1.00x_circular_true/180060-182987,0.6362689753191211,0.7455976589450533,0.7649372669165542,0.7684099510675222,0.76904926366424,predict
PS-196_unicycler_I3+Pcct_99127_S6_length_4136064_depth_1.00x_circular_true/925444-928371,0.6362467522481215,0.7455984276411103,0.7649406803153418,0.7684099919931369,0.7690489229856295,predict
PS-196_unicycler_I3+Pcct_99127_S6_length_4136064_depth_1.00x_circular_true/925606-928473,0.63716240984081,0.7458808030963774,0.7650168018940277,0.7684306826296268,0.7690531845665642,predict
PS-196_unicycler_I3+Pcct_99127_S6_length_4136064_depth_1.00x_circular_true/92278-95049,0.6364505478109017,0.745608517095374,0.7649353035635169,0.7684072235687327,0.7690469701655835,predict
PS-196_unicycler_I3+Pcct_99127_S6_length_4136064_depth_1.00x_circular_true/32273-35044,0.6364349799659395,0.7456069528945187,0.7649351113391878,0.7684071617804852,0.7690468348972369,predict
PS-196_unicycler_I3+Pcct_99127_S6_length_4136064_depth_1.00x_circular_true/11805-14576,0.6364657406552301,0.7456221385164815,0.7649392258777351,0.7684079693147204,0.7690467377868733,predict
PS-196_unicycler_I3+Pcct_99127_S6_length_4136064_depth_1.00x_circular_true/185229-187983,0.6361830956902426,0.7455185687886561,0.7649179222331672,0.7684043821305543,0.7690457013288967,predict
PS-196_unicycler_I3+Pcct_99127_S6_length_4136064_depth_1.00x_circular_true/162704-165475,0.6364620024619333,0.7456128541246352,0.7649399894128056,0.7684091494069936,0.7690469068293484,predict
PS-196_unicycler_I3+Pcct_99127_S6_length_4136064_depth_1.00x_circular_true/180222-182976,0.6362108901567907,0.7455229698717171,0.76491548293495,0.7684037679413579,0.7690455645094879,predict
PS-65_unicycler_I3+N3-Pcct_99127_S6_length_4148255_depth_1.00x_circular_true/614934-616483,0.6371928711222817,0.7463873697031992,0.7651762047803944,0.7684300961192682,0.7690177725135112,predict
PS-65_unicycler_I3+N3-Pcct_99127_S6_length_4148255_depth_1.00x_circular_true/614939-616481,0.6368876569339269,0.7462957965327933,0.7651594584070227,0.7684272013799972,0.7690168585071174,predict
PS-65_unicycler_I3+N3-Pcct_99127_S6_length_4148255_depth_1.00x_circular_true/614939-616478,0.6367852317675826,0.7462642410912383,0.7651524924803119,0.7684249029568029,0.7690161101630963,predict
PS-65_unicycler_I3+N3-Pcct_99127_S6_length_4148255_depth_1.00x_circular_true/162609-165538,0.636260911061507,0.7456101615041985,0.764939875441908,0.7684096118668418,0.7690495996217618,predict
PS-65_unicycler_I3+N3-Pcct_99127_S6_length_4148255_depth_1.00x_circular_true/11707-14636,0.6362463216442408,0.7456084578276082,0.7649398477561351,0.7684095971410743,0.7690494805668716,predict
PS-65_unicycler_I3+N3-Pcct_99127_S6_length_4148255_depth_1.00x_circular_true/927867-930796,0.6362463216442408,0.7455964761825719,0.7649391823357773,0.7684098376482593,0.7690494922597522,predict
PS-65_unicycler_I3+N3-Pcct_99127_S6_length_4148255_depth_1.00x_circular_true/3109543-3106614,0.6362570814526262,0.745601565011532,0.7649403639436264,0.7684105816664519,0.7690495773926702,predict
PS-65_unicycler_I3+N3-Pcct_99127_S6_length_4148255_depth_1.00x_circular_true/32175-35104,0.6362313969599172,0.7455955787077998,0.7649348673419955,0.768408357934986,0.7690494037198817,predict
PS-65_unicycler_I3+N3-Pcct_99127_S6_length_4148255_depth_1.00x_circular_true/98108-101037,0.6362674136023841,0.745605774454844,0.7649363982050635,0.7684082639473399,0.7690492924135943,predict
PS-65_unicycler_I3+N3-Pcct_99127_S6_length_4148255_depth_1.00x_circular_true/3109541-3106614,0.6362434399570874,0.745592349082485,0.7649387663363011,0.7684104034631882,0.7690493627266896,predict
PS-65_unicycler_I3+N3-Pcct_99127_S6_length_4148255_depth_1.00x_circular_true/162611-165538,0.6362467522481215,0.7456009590911851,0.7649382770662619,0.7684094321377454,0.7690493849907671,predict
PS-65_unicycler_I3+N3-Pcct_99127_S6_length_4148255_depth_1.00x_circular_true/11709-14636,0.6362323113282884,0.7455992527359501,0.7649382493369445,0.7684094173888091,0.769049265748498,predict
PS-65_unicycler_I3+N3-Pcct_99127_S6_length_4148255_depth_1.00x_circular_true/927869-930796,0.6362323113282884,0.7455871441785707,0.7649375828700066,0.7684096582743958,0.7690492774597819,predict
PS-65_unicycler_I3+N3-Pcct_99127_S6_length_4148255_depth_1.00x_circular_true/32177-35104,0.6362175346925637,0.7455864616699516,0.7649332610895567,0.7684081762330176,0.7690491887805596,predict
PS-65_unicycler_I3+N3-Pcct_99127_S6_length_4148255_depth_1.00x_circular_true/98110-101037,0.6362534276105173,0.7455965651441911,0.7649347943603825,0.7684080820974963,0.7690490772990889,predict
PS-65_unicycler_I3+N3-Pcct_99127_S6_length_4148255_depth_1.00x_circular_true/928031-930898,0.6371520567867067,0.7458700100119018,0.765014536985069,0.7684305239996876,0.7690535289526046,predict
PS-65_unicycler_I3+N3-Pcct_99127_S6_length_4148255_depth_1.00x_circular_true/168382-171153,0.6364657406552301,0.7456226612403959,0.7649401380840569,0.7684087784518024,0.7690472223828098,predict
PS-65_unicycler_I3+N3-Pcct_99127_S6_length_4148255_depth_1.00x_circular_true/32339-35093,0.6361715764454172,0.7455148661416102,0.7649135286680027,0.7684025556440562,0.7690457655689488,predict
PS-65_unicycler_I3+N3-Pcct_99127_S6_length_4148255_depth_1.00x_circular_true/11871-14642,0.6364505478109017,0.7456209776846324,0.7649399458597277,0.7684087166635549,0.769047087114463,predict
PS-65_unicycler_I3+N3-Pcct_99127_S6_length_4148255_depth_1.00x_circular_true/3109379-3106608,0.6364620024619333,0.7456128541246352,0.7649401668266486,0.768409501795537,0.7690471054851897,predict
PS-65_unicycler_I3+N3-Pcct_99127_S6_length_4148255_depth_1.00x_circular_true/98272-101043,0.6364721473795312,0.745618599305093,0.7649364713288576,0.7684072799047822,0.7690469164646293,predict
PS-210_unicycler_I3+N3_99127_S4_length_4103413_depth_1.00x_circular_true/616158-617707,0.6372899252110532,0.7464267554998062,0.7651868239367133,0.7684335873291092,0.7690194575814595,predict
PS-210_unicycler_I3+N3_99127_S4_length_4103413_depth_1.00x_circular_true/9812-11361,0.6369848237546847,0.7463294139262936,0.7651682033442302,0.7684271178424082,0.7690183998838866,predict
PS-210_unicycler_I3+N3_99127_S4_length_4103413_depth_1.00x_circular_true/3071267-3069719,0.6371146127785698,0.7463371987877616,0.765150871231185,0.7684234198472774,0.7690158983962979,predict
PS-210_unicycler_I3+N3_99127_S4_length_4103413_depth_1.00x_circular_true/616163-617705,0.6369887251699811,0.7463354666716823,0.7651698724372958,0.768430943167312,0.7690185612552725,predict
PS-210_unicycler_I3+N3_99127_S4_length_4103413_depth_1.00x_circular_true/9817-11359,0.6366755244010118,0.746237294398965,0.7651516920687247,0.7684244058451453,0.7690174924600394,predict
PS-210_unicycler_I3+N3_99127_S4_length_4103413_depth_1.00x_circular_true/3071262-3069721,0.6368080124326917,0.7462463033238861,0.7651346356275065,0.7684206721020683,0.7690149652320025,predict
PS-210_unicycler_I3+N3_99127_S4_length_4103413_depth_1.00x_circular_true/616163-617702,0.6368860961013304,0.7463040893138503,0.7651629532907751,0.7684286615633074,0.769017820570028,predict
PS-210_unicycler_I3+N3_99127_S4_length_4103413_depth_1.00x_circular_true/9817-11356,0.6365721475669773,0.74620547633474,0.7651446912553491,0.7684220948561294,0.7690167469674698,predict
PS-210_unicycler_I3+N3_99127_S4_length_4103413_depth_1.00x_circular_true/3071262-3069724,0.6367055779981297,0.7462141545980604,0.7651270433288316,0.7684180171887757,0.7690141023606557,predict
PS-210_unicycler_I3+N3_99127_S4_length_4103413_depth_1.00x_circular_true/162608-165539,0.6362634292124772,0.7456138312540915,0.7649411598529821,0.7684103826351836,0.769049933996011,predict
PS-210_unicycler_I3+N3_99127_S4_length_4103413_depth_1.00x_circular_true/931072-934001,0.6362348571850446,0.7456033428000571,0.7649387585961918,0.7684089174398276,0.7690493954339535,predict
PS-210_unicycler_I3+N3_99127_S4_length_4103413_depth_1.00x_circular_true/32175-35104,0.6362973212383998,0.745618148117144,0.7649455291648908,0.7684121617299947,0.7690503200157122,predict
PS-210_unicycler_I3+N3_99127_S4_length_4103413_depth_1.00x_circular_true/3069550-3066621,0.6362823965540761,0.7456108134994679,0.7649429203884114,0.7684116118019623,0.7690497630033694,predict
PS-210_unicycler_I3+N3_99127_S4_length_4103413_depth_1.00x_circular_true/617876-620804,0.636213893828839,0.7455950697861317,0.764935262424878,0.7684080514784712,0.7690491701444989,predict
PS-210_unicycler_I3+N3_99127_S4_length_4103413_depth_1.00x_circular_true/92253-95182,0.636260911061507,0.7456036295198755,0.7649370797998505,0.7684085428005057,0.7690492996587188,predict
PS-210_unicycler_I3+N3_99127_S4_length_4103413_depth_1.00x_circular_true/173221-176149,0.6362430884463752,0.7456096348887469,0.7649396817769364,0.7684094251757333,0.7690493772524664,predict
PS-210_unicycler_I3+N3_99127_S4_length_4103413_depth_1.00x_circular_true/3069548-3066621,0.6362689753191211,0.7456014958229827,0.7649413268018895,0.7684114352194609,0.7690495486295189,predict
PS-210_unicycler_I3+N3_99127_S4_length_4103413_depth_1.00x_circular_true/32177-35104,0.6362837519548458,0.7456089502759832,0.7649439396814802,0.7684119860127219,0.7690501065185362,predict
PS-210_unicycler_I3+N3_99127_S4_length_4103413_depth_1.00x_circular_true/931074-934001,0.6362204770886877,0.7455940215922537,0.7649371584639589,0.7684087366181555,0.7690491804815903,predict
PS-210_unicycler_I3+N3_99127_S4_length_4103413_depth_1.00x_circular_true/162610-165539,0.6362491113271203,0.7456046161236023,0.7649395600200841,0.7684102032539413,0.769049719975112,predict
PS-210_unicycler_I3+N3_99127_S4_length_4103413_depth_1.00x_circular_true/617878-620804,0.6361999143534105,0.7455858529024888,0.7649336585338311,0.7684078697265282,0.7690489547952238,predict
PS-210_unicycler_I3+N3_99127_S4_length_4103413_depth_1.00x_circular_true/92255-95182,0.6362467522481215,0.7455944168367993,0.7649354770271889,0.7684083613893953,0.7690490845556163,predict
PS-210_unicycler_I3+N3_99127_S4_length_4103413_depth_1.00x_circular_true/173223-176149,0.6362288118253611,0.7456004409132521,0.7649380848390708,0.7684092455858343,0.7690491622292673,predict
PS-210_unicycler_I3+N3_99127_S4_length_4103413_depth_1.00x_circular_true/931236-934103,0.637141039970367,0.7458784558948907,0.7650150183440826,0.7684301692770336,0.769053582497333,predict
PS-210_unicycler_I3+N3_99127_S4_length_4103413_depth_1.00x_circular_true/162772-165545,0.6364680404112201,0.7456262531001407,0.7649413301074477,0.7684095535656141,0.7690475837103327,predict
PS-210_unicycler_I3+N3_99127_S4_length_4103413_depth_1.00x_circular_true/32339-35093,0.6362438968711126,0.7455394917041385,0.7649245142243243,0.7684064951840877,0.7690466736882565,predict
PS-210_unicycler_I3+N3_99127_S4_length_4103413_depth_1.00x_circular_true/3069386-3066615,0.6364886125895882,0.7456219633313738,0.7649429407246037,0.7684107740719808,0.7690473926565013,predict
PS-210_unicycler_I3+N3_99127_S4_length_4103413_depth_1.00x_circular_true/618040-620810,0.6364169483138418,0.7456068750364189,0.7649353207880896,0.768406989845511,0.7690467527024585,predict
PS-210_unicycler_I3+N3_99127_S4_length_4103413_depth_1.00x_circular_true/173385-176155,0.6364473514047896,0.7456223287290883,0.7649397297343639,0.7684084442737309,0.7690469368228573,predict
PS-210_unicycler_I3+N3_99127_S4_length_4103413_depth_1.00x_circular_true/92417-95188,0.6364657406552301,0.7456153388069497,0.7649371113185756,0.7684074302599747,0.7690468484131567,predict
PS-52_unicycler_I1+N1cc_99127_S7_length_4163943_depth_1.00x_circular_true/100957-101072,0.6370270392051892,0.744896507661983,0.76363331269254,0.7668463571240263,0.7675196979108072,predict
PS-52_unicycler_I1+N1cc_99127_S7_length_4163943_depth_1.00x_circular_true/928968-929083,0.634055218969522,0.7438390096948423,0.7634849886947725,0.7667610334828607,0.7673455259086861,predict
PS-52_unicycler_I1+N1cc_99127_S7_length_4163943_depth_1.00x_circular_true/3088320-3086771,0.6371928711222817,0.7463865604402218,0.7651748437704801,0.7684287346894337,0.7690181798228943,predict
PS-52_unicycler_I1+N1cc_99127_S7_length_4163943_depth_1.00x_circular_true/160756-162304,0.6371833866723547,0.7463890718430851,0.765176072858159,0.7684304438002075,0.7690186769448173,predict
PS-52_unicycler_I1+N1cc_99127_S7_length_4163943_depth_1.00x_circular_true/924213-925761,0.6371146127785698,0.7463719664871504,0.7651777636433967,0.7684301826232144,0.7690194101397642,predict
PS-52_unicycler_I1+N1cc_99127_S7_length_4163943_depth_1.00x_circular_true/3088315-3086773,0.6368876569339269,0.7462953580097571,0.7651584020775014,0.768426039645536,0.7690172700901052,predict
PS-52_unicycler_I1+N1cc_99127_S7_length_4163943_depth_1.00x_circular_true/160761-162302,0.6368781434459146,0.7462975812688464,0.7651596553090546,0.7684277697522877,0.7690177729528456,predict
PS-52_unicycler_I1+N1cc_99127_S7_length_4163943_depth_1.00x_circular_true/924218-925759,0.6368080124326917,0.7462807354039549,0.7651613638229328,0.768427505834952,0.7690185138456964,predict
PS-52_unicycler_I1+N1cc_99127_S7_length_4163943_depth_1.00x_circular_true/3088315-3086776,0.6367852317675826,0.7462638005996228,0.7651514314057212,0.7684237360003899,0.7690165235973399,predict
PS-52_unicycler_I1+N1cc_99127_S7_length_4163943_depth_1.00x_circular_true/160761-162299,0.6367760238373723,0.7462660736405203,0.7651526953039838,0.7684254734988073,0.7690170284174759,predict
PS-52_unicycler_I1+N1cc_99127_S7_length_4163943_depth_1.00x_circular_true/924218-925756,0.6367055779981297,0.7462491521034114,0.7651544114975662,0.7684252083944002,0.7690177726449563,predict
PS-52_unicycler_I1+N1cc_99127_S7_length_4163943_depth_1.00x_circular_true/162470-165398,0.6362758236865892,0.7456070380286836,0.7649369981211054,0.7684085112980333,0.7690492592347706,predict
PS-52_unicycler_I1+N1cc_99127_S7_length_4163943_depth_1.00x_circular_true/3086602-3083673,0.6362720061369498,0.745603162182387,0.7649365449602077,0.7684063119696736,0.7690481933143961,predict
PS-52_unicycler_I1+N1cc_99127_S7_length_4163943_depth_1.00x_circular_true/632543-635471,0.6362025845239379,0.7455948944378618,0.7649353792311261,0.768407666949164,0.7690492035000674,predict
PS-52_unicycler_I1+N1cc_99127_S7_length_4163943_depth_1.00x_circular_true/168081-171009,0.6362286588637714,0.7455966682118734,0.7649352901324109,0.7684080662158167,0.7690491483449605,predict
PS-52_unicycler_I1+N1cc_99127_S7_length_4163943_depth_1.00x_circular_true/925930-928858,0.6362608872800423,0.7456056494053865,0.7649366055849246,0.7684086075550889,0.7690493573612651,predict
PS-52_unicycler_I1+N1cc_99127_S7_length_4163943_depth_1.00x_circular_true/3086600-3083673,0.636258216592812,0.7455939487645287,0.7649348602479201,0.7684061270486886,0.7690479764700328,predict
PS-52_unicycler_I1+N1cc_99127_S7_length_4163943_depth_1.00x_circular_true/162472-165398,0.6362619415818064,0.7455978399688198,0.7649353969609136,0.7684083302697943,0.7690490440257617,predict
PS-52_unicycler_I1+N1cc_99127_S7_length_4163943_depth_1.00x_circular_true/632545-635471,0.6361882352294198,0.7455856856931403,0.7649337755238561,0.7684074845920152,0.7690489882033082,predict
PS-52_unicycler_I1+N1cc_99127_S7_length_4163943_depth_1.00x_circular_true/168083-171009,0.6362145310401306,0.7455874538422516,0.7649336862849576,0.7684078844870684,0.7690489329613638,predict
PS-52_unicycler_I1+N1cc_99127_S7_length_4163943_depth_1.00x_circular_true/925932-928858,0.6362471533322075,0.7455965575499354,0.7649350038071365,0.7684084266783475,0.7690491423067489,predict
PS-52_unicycler_I1+N1cc_99127_S7_length_4163943_depth_1.00x_circular_true/3086438-3083684,0.6361997886658838,0.7455208440168133,0.7649141809891917,0.7684006228917242,0.7690445394109766,predict
PS-52_unicycler_I1+N1cc_99127_S7_length_4163943_depth_1.00x_circular_true/926094-928958,0.6371339953449784,0.745867687841219,0.7650093998145244,0.7684285969870113,0.7690532042238623,predict
PS-52_unicycler_I1+N1cc_99127_S7_length_4163943_depth_1.00x_circular_true/162634-165404,0.6364813927611257,0.7456186009381527,0.7649369448442453,0.7684074237606289,0.769046853930007,predict
PS-52_unicycler_I1+N1cc_99127_S7_length_4163943_depth_1.00x_circular_true/632707-635477,0.6364048798368582,0.7456064879092733,0.7649351754362652,0.7684062662679423,0.7690467599716343,predict
PS-52_unicycler_I1+N1cc_99127_S7_length_4163943_depth_1.00x_circular_true/168245-171015,0.636432337469286,0.7456084405363739,0.7649355131721226,0.768407051685112,0.7690467279330444,predict
PS-261a_unicycler_I1+N1cc_557799_S7_length_4269922_depth_1.00x/672198-673747,0.6372231904438812,0.7464022711680305,0.7651821534234231,0.768432760352364,0.7690188474432259,predict
PS-261a_unicycler_I1+N1cc_557799_S7_length_4269922_depth_1.00x/3236199-3234650,0.6370554799782946,0.7463334762532171,0.76515879697535,0.7684256864869049,0.7690168118325584,predict
PS-261a_unicycler_I1+N1cc_557799_S7_length_4269922_depth_1.00x/672203-673745,0.6369206550454616,0.7463107824028999,0.765165152983455,0.7684298935487704,0.7690179447152969,predict
PS-261a_unicycler_I1+N1cc_557799_S7_length_4269922_depth_1.00x/3236194-3234652,0.6367475555268969,0.7462409753190447,0.765142187134046,0.7684229594812383,0.76901588774643,predict
PS-261a_unicycler_I1+N1cc_557799_S7_length_4269922_depth_1.00x/672203-673742,0.6368177206010287,0.7462792942346043,0.7651582126369817,0.768427607226771,0.7690172012569225,predict
PS-261a_unicycler_I1+N1cc_557799_S7_length_4269922_depth_1.00x/3236194-3234655,0.6366445018384651,0.7462091737788846,0.7651351436241697,0.7684206419908725,0.7690151350360327,predict
PS-261a_unicycler_I1+N1cc_557799_S7_length_4269922_depth_1.00x/32175-35104,0.6362463216442408,0.7456087739710772,0.7649394832140034,0.7684097080482766,0.7690496336291347,predict
PS-261a_unicycler_I1+N1cc_557799_S7_length_4269922_depth_1.00x/32177-35104,0.6362323113282884,0.7455996776797856,0.7649378842214571,0.768409528470507,0.7690494190516638,predict
PS-261a_unicycler_I1+N1cc_557799_S7_length_4269922_depth_1.00x/32339-35093,0.6361878901840982,0.7455290641453504,0.7649184321274999,0.7684041327074277,0.7690460213853495,predict
PS-53_unicycler_I1+Pcct_99127_S5_length_4163963_depth_1.00x_circular_true/632547-635476,0.6362202677677785,0.745595313333249,0.7649353485986421,0.7684078628005676,0.7690492839869736,predict
PS-53_unicycler_I1+Pcct_99127_S5_length_4163963_depth_1.00x_circular_true/32113-35042,0.6362313969599172,0.7455967630595721,0.7649355254487649,0.7684085552912202,0.7690493457413591,predict
PS-53_unicycler_I1+Pcct_99127_S5_length_4163963_depth_1.00x_circular_true/632549-635476,0.6362060361688545,0.7455860959829571,0.7649337431031289,0.7684076803195803,0.7690490688592055,predict
PS-53_unicycler_I1+Pcct_99127_S5_length_4163963_depth_1.00x_circular_true/32115-35042,0.6362175346925637,0.7455876478838482,0.7649339202314034,0.768408373899762,0.7690491307107854,predict
PS-53_unicycler_I1+Pcct_99127_S5_length_4163963_depth_1.00x_circular_true/926103-928968,0.6371066780829671,0.7458589533134568,0.7650079680151584,0.7684284226755438,0.7690532456587043,predict
PS-53_unicycler_I1+Pcct_99127_S5_length_4163963_depth_1.00x_circular_true/632711-635482,0.636423112955439,0.7456066999336242,0.7649349661080245,0.7684064388037968,0.769046842160374,predict
PS-53_unicycler_I1+Pcct_99127_S5_length_4163963_depth_1.00x_circular_true/32277-35048,0.6364349799659395,0.7456081849466949,0.7649357319848512,0.7684075275711382,0.7690469770548204,predict
PS-93_unicycler_I2+N3_99127_S2_length_4179885_depth_1.00x_circular_true/906855-906970,0.634055218969522,0.7439024347557721,0.7633908018939455,0.7666222567477992,0.7673019829081559,predict
PS-93_unicycler_I2+N3_99127_S2_length_4179885_depth_1.00x_circular_true/618233-619782,0.6372660397975416,0.746419177675135,0.765189639245598,0.7684333940834503,0.769019458338541,predict
PS-93_unicycler_I2+N3_99127_S2_length_4179885_depth_1.00x_circular_true/3140435-3138886,0.6370554799782946,0.746349603867073,0.7651690427020644,0.7684288707683085,0.7690186483334428,predict
PS-93_unicycler_I2+N3_99127_S2_length_4179885_depth_1.00x_circular_true/90402-91951,0.6370857992998941,0.7463580174996802,0.7651734301869924,0.7684291309239908,0.7690194239711494,predict
PS-93_unicycler_I2+N3_99127_S2_length_4179885_depth_1.00x_circular_true/9749-11298,0.6370932975247432,0.7463595557649709,0.7651732679847078,0.7684323024932852,0.7690182531307188,predict
PS-93_unicycler_I2+N3_99127_S2_length_4179885_depth_1.00x_circular_true/618238-619780,0.6369663065457571,0.7463289830714886,0.765173253502097,0.7684307478953859,0.7690185620202976,predict
PS-93_unicycler_I2+N3_99127_S2_length_4179885_depth_1.00x_circular_true/3140430-3138888,0.6367475555268969,0.7462576352200798,0.7651525402218737,0.7684259631806839,0.7690177435163982,predict
PS-93_unicycler_I2+N3_99127_S2_length_4179885_depth_1.00x_circular_true/9754-11296,0.6367840467209251,0.7462673137996857,0.7651568097796633,0.7684296448594089,0.7690173441670959,predict
PS-93_unicycler_I2+N3_99127_S2_length_4179885_depth_1.00x_circular_true/90407-91949,0.6367805536384316,0.7462676921559256,0.7651574791116557,0.7684264400347898,0.7690185272923137,predict
PS-93_unicycler_I2+N3_99127_S2_length_4179885_depth_1.00x_circular_true/618238-619777,0.6368641758901483,0.746297576608045,0.7651663495434382,0.7684284654136416,0.7690178213384941,predict
PS-93_unicycler_I2+N3_99127_S2_length_4179885_depth_1.00x_circular_true/3140430-3138891,0.6366445018384651,0.7462259084680927,0.7651455432184319,0.7684236591918313,0.7690169991530529,predict
PS-93_unicycler_I2+N3_99127_S2_length_4179885_depth_1.00x_circular_true/90407-91946,0.6366769906719113,0.7462356313232131,0.7651502526208793,0.768424138189378,0.7690177864543075,predict
PS-93_unicycler_I2+N3_99127_S2_length_4179885_depth_1.00x_circular_true/9754-11293,0.6366818156776973,0.7462356304959328,0.7651498319552252,0.7684273574195604,0.7690165980075208,predict
PS-93_unicycler_I2+N3_99127_S2_length_4179885_depth_1.00x_circular_true/92120-95049,0.6362720061369498,0.745603162182387,0.7649403916293994,0.7684105963922194,0.7690496964475606,predict
PS-93_unicycler_I2+N3_99127_S2_length_4179885_depth_1.00x_circular_true/187807-190736,0.6362570814526262,0.7456017746492657,0.7649399994014948,0.7684106925736542,0.7690497304549334,predict
PS-93_unicycler_I2+N3_99127_S2_length_4179885_depth_1.00x_circular_true/92122-95049,0.636258216592812,0.7455939487645287,0.7649387940656186,0.7684104182121245,0.7690494819689587,predict
PS-93_unicycler_I2+N3_99127_S2_length_4179885_depth_1.00x_circular_true/187809-190736,0.6362434399570874,0.7455926673531292,0.7649384012208137,0.7684105145448863,0.7690495160298554,predict
PS-93_unicycler_I2+N3_99127_S2_length_4179885_depth_1.00x_circular_true/903977-906845,0.6372021448644715,0.7458842783399462,0.7650180181176494,0.7684316628199572,0.7690538202425475,predict
PS-93_unicycler_I2+N3_99127_S2_length_4179885_depth_1.00x_circular_true/187971-190725,0.6361997886658838,0.7455208440168133,0.7649184426880615,0.7684048567555556,0.7690460400182291,predict
PS-93_unicycler_I2+N3_99127_S2_length_4179885_depth_1.00x_circular_true/92284-95055,0.6364775703068957,0.7456144183254905,0.7649403590509778,0.7684095635837846,0.7690472407535364,predict
PS-24_4121872circular_true_q1023579_ori/171288-171403,0.6370270392051892,0.7448846114648696,0.7636034781923025,0.7669424720385051,0.7675196979108072,predict
PS-24_4121872circular_true_q1023579_ori/171590-173139,0.6371551484482093,0.7463680445202246,0.7651725042179813,0.7684307533964682,0.7690193122557252,predict
PS-24_4121872circular_true_q1023579_ori/171595-173137,0.6368512645090927,0.7462765700066947,0.7651556719727366,0.7684280187457216,0.7690184144047396,predict
PS-24_4121872circular_true_q1023579_ori/171595-173134,0.6367480187652541,0.7462445490276546,0.7651486890372299,0.7684257239965547,0.7690176730589774,predict
PS-24_4121872circular_true_q1023579_ori/903279-906146,0.63716240984081,0.7458717853998166,0.7650113327199739,0.7684294066582202,0.7690535070676712,predict
PS-31_unicycler_4076871_circular/631713-633262,0.6372231904438812,0.7464023167594737,0.7651808054947363,0.7684313989225297,0.7690192547526091,predict
PS-31_unicycler_4076871_circular/3044753-3043204,0.6371367023920113,0.7463439331369179,0.7651520187310642,0.76842393679014,0.7690160783973934,predict
PS-31_unicycler_4076871_circular/631718-633260,0.6369206550454616,0.7463112076861557,0.7651641073305183,0.7684287318143092,0.7690183562982847,predict
PS-31_unicycler_4076871_circular/3044748-3043206,0.6368302542825429,0.746253042078022,0.76513578339318,0.768421191438119,0.769015146615857,predict
PS-31_unicycler_4076871_circular/631718-633257,0.6368177206010287,0.7462797214270045,0.7651571622869352,0.7684264402703581,0.7690176146911659,predict
PS-31_unicycler_4076871_circular/3044748-3043209,0.6367288283570097,0.7462212947069026,0.7651287111174744,0.7684188660004676,0.7690143905719347,predict
PS-31_unicycler_4076871_circular/948815-951744,0.6362202677677785,0.7455901475367799,0.7649341427241839,0.768407567326537,0.7690491655247005,predict
PS-31_unicycler_4076871_circular/32172-35100,0.6362796985142973,0.7456177471628983,0.7649454867642004,0.7684119692585413,0.769050099395577,predict
PS-31_unicycler_4076871_circular/3043035-3040107,0.6362649334793647,0.7456105263501215,0.7649429569720344,0.7684114188981385,0.7690495419451442,predict
PS-31_unicycler_4076871_circular/948817-951744,0.6362060361688545,0.7455808055824197,0.7649325353320585,0.768407384380666,0.7690489502104861,predict
PS-31_unicycler_4076871_circular/3043033-3040107,0.6362513954103456,0.7456012173967105,0.7649413651871922,0.7684112424461332,0.7690493271812416,predict
PS-31_unicycler_4076871_circular/32174-35100,0.6362660120970657,0.7456085579549125,0.7649438989596031,0.7684117936727409,0.7690498855093386,predict
PS-31_unicycler_4076871_circular/948979-951846,0.6371306869162637,0.7458662485926195,0.7650107619999291,0.7684288290435805,0.7690533493025604,predict
PS-31_unicycler_4076871_circular/32336-35089,0.636225368615709,0.7455392434378451,0.7649246538037062,0.7684063257752601,0.7690464289863258,predict
PS-31_unicycler_4076871_circular/3042871-3040101,0.6364706254643657,0.7456218979397383,0.7649431566783136,0.7684106051392544,0.7690471507752299,predict
PS-263_Unicycler_I2+N2_99127_S11_length_4096925_depth_1.00x_circular_true/11706-14635,0.6362720061369498,0.7456108445578356,0.7649446714878598,0.7684120588669616,0.7690504722210771,predict
PS-263_Unicycler_I2+N2_99127_S11_length_4096925_depth_1.00x_circular_true/92178-95107,0.6362463216442408,0.7456005252900932,0.7649401155596112,0.7684107088561208,0.7690500410761778,predict
PS-263_Unicycler_I2+N2_99127_S11_length_4096925_depth_1.00x_circular_true/11708-14635,0.636258216592812,0.745601643218769,0.7649430806554858,0.7684118829878493,0.7690502589634552,predict
PS-263_Unicycler_I2+N2_99127_S11_length_4096925_depth_1.00x_circular_true/92180-95107,0.6362323113282884,0.7455913077263202,0.7649385175616249,0.768410530852971,0.7690498271399824,predict
PS-263_Unicycler_I2+N2_99127_S11_length_4096925_depth_1.00x_circular_true/902559-905427,0.6371913487009209,0.7458807148378872,0.7650134532660025,0.7684297301739674,0.7690535483537284,predict
PS-263_Unicycler_I2+N2_99127_S11_length_4096925_depth_1.00x_circular_true/92342-95113,0.6364505478109017,0.7456129559357094,0.764941031474225,0.7684100266669687,0.7690477273127514,predict
PS-263_Unicycler_I2+N2_99127_S11_length_4096925_depth_1.00x_circular_true/11870-14624,0.6361997886658838,0.7455316747732852,0.7649243732857095,0.7684067073703456,0.7690469846325599,predict
PS-217_unicycler_I3+N3-N1cc_2133557799_S4_length_4160406_depth_1.00x_circular_true/35093-35208,0.6370270392051892,0.7438253006787194,0.7631917243765025,0.766718371662278,0.7674326119097467,predict
PS-217_unicycler_I3+N3-N1cc_2133557799_S4_length_4160406_depth_1.00x_circular_true/11642-14571,0.6362823965540761,0.7456121992236677,0.7649445553297434,0.7684120425844949,0.7690501615998329,predict
PS-217_unicycler_I3+N3-N1cc_2133557799_S4_length_4160406_depth_1.00x_circular_true/11644-14571,0.6362689753191211,0.7456031083178084,0.7649429643146747,0.7684118666797647,0.7690499478533281,predict
PS-217_unicycler_I3+N3-N1cc_2133557799_S4_length_4160406_depth_1.00x_circular_true/954095-956962,0.6371469124779361,0.7458719386877597,0.7650163192215751,0.768431957260774,0.7690540589593665,predict
PS-217_unicycler_I3+N3-N1cc_2133557799_S4_length_4160406_depth_1.00x_circular_true/222959-225713,0.6362275831324318,0.7455330061844962,0.7649235878987005,0.7684062376813113,0.7690464911300777,predict
PS-218_Unicycler_I1+N2_33557799127_S8_length_4130126_depth_1.00x_circular_true/3090546-3090432,0.6368008986421588,0.7440733284322995,0.763335438698695,0.7667684527347184,0.7674547839022148,predict
PS-218_Unicycler_I1+N2_33557799127_S8_length_4130126_depth_1.00x_circular_true/3095248-3093699,0.6371551484482093,0.7463735181892247,0.7651705979726999,0.7684300567412137,0.769018310101002,predict
PS-218_Unicycler_I1+N2_33557799127_S8_length_4130126_depth_1.00x_circular_true/3095243-3093701,0.6368512645090927,0.7462821791828108,0.7651541117896048,0.7684273755596209,0.7690174017351273,predict
PS-218_Unicycler_I1+N2_33557799127_S8_length_4130126_depth_1.00x_circular_true/3095243-3093704,0.6367480187652541,0.7462505626114376,0.7651471218457004,0.7684250779193572,0.769016655834487,predict
PS-218_Unicycler_I1+N2_33557799127_S8_length_4130126_depth_1.00x_circular_true/11642-14571,0.6362418215095663,0.7456001774784107,0.7649399717157218,0.7684106778478866,0.7690496114000431,predict
PS-218_Unicycler_I1+N2_33557799127_S8_length_4130126_depth_1.00x_circular_true/11644-14571,0.6362283276137226,0.7455910676710855,0.7649383734914963,0.76841049979595,0.7690493967875862,predict
PS-218_Unicycler_I1+N2_33557799127_S8_length_4130126_depth_1.00x_circular_true/899181-902048,0.6371057049703327,0.7458577510315427,0.7650078734940106,0.7684290716538,0.7690534680889134,predict
PS-218_Unicycler_I1+N2_33557799127_S8_length_4130126_depth_1.00x_circular_true/11806-14560,0.6361830956902426,0.7455185687886561,0.7649181018511354,0.7684047940859028,0.7690459028195844,predict
PS-11_unicycler_I3+N3_99127_S4_length_4238153_depth_1.00x_circular_true/614929-616478,0.6372899252110532,0.7464213757361087,0.7651886885461724,0.7684336116879447,0.769018482909844,predict
PS-11_unicycler_I3+N3_99127_S4_length_4238153_depth_1.00x_circular_true/90536-92085,0.6370151430762842,0.7463371630732419,0.7651690551854994,0.7684287842607316,0.7690185519867863,predict
PS-11_unicycler_I3+N3_99127_S4_length_4238153_depth_1.00x_circular_true/30280-31828,0.6370326489296855,0.746343552327496,0.7651709580710206,0.768428580013724,0.7690188666185284,predict
PS-11_unicycler_I3+N3_99127_S4_length_4238153_depth_1.00x_circular_true/614934-616476,0.6369887251699811,0.7463300870303481,0.7651717565852953,0.7684307538109859,0.7690175763571284,predict
PS-11_unicycler_I3+N3_99127_S4_length_4238153_depth_1.00x_circular_true/90541-92083,0.6367085225125464,0.7462442391427216,0.7651519833466814,0.7684260897366111,0.7690176461588453,predict
PS-11_unicycler_I3+N3_99127_S4_length_4238153_depth_1.00x_circular_true/30285-31826,0.636724563507714,0.746252023503018,0.765154486891082,0.7684258864104322,0.7690179646179641,predict
PS-11_unicycler_I3+N3_99127_S4_length_4238153_depth_1.00x_circular_true/614934-616473,0.6368860961013304,0.7462986855227,0.7651648459024337,0.768428471355832,0.7690168312419189,predict
PS-11_unicycler_I3+N3_99127_S4_length_4238153_depth_1.00x_circular_true/30285-31823,0.6366204968649355,0.746219900472438,0.7651475036541717,0.7684235816858844,0.7690172209452457,predict
PS-11_unicycler_I3+N3_99127_S4_length_4238153_depth_1.00x_circular_true/90541-92080,0.6366046364004235,0.7462124522542338,0.7651449838417367,0.7684237863166226,0.7690169013575963,predict
PS-11_unicycler_I3+N3_99127_S4_length_4238153_depth_1.00x_circular_true/162607-165535,0.6362430884463752,0.7456096348887469,0.7649398285976062,0.7684094173906076,0.7690495193831023,predict
PS-11_unicycler_I3+N3_99127_S4_length_4238153_depth_1.00x_circular_true/92251-95179,0.6362286588637714,0.7455966682118734,0.7649363724937607,0.7684086349375308,0.7690495151693835,predict
PS-11_unicycler_I3+N3_99127_S4_length_4238153_depth_1.00x_circular_true/168215-171143,0.636264539635847,0.7456139174604747,0.7649422912535352,0.7684113006459071,0.769050022848675,predict
PS-11_unicycler_I3+N3_99127_S4_length_4238153_depth_1.00x_circular_true/616647-619577,0.6361952965556613,0.7455644266076056,0.7649233197728312,0.768404597313921,0.7690483539159372,predict
PS-11_unicycler_I3+N3_99127_S4_length_4238153_depth_1.00x_circular_true/162609-165535,0.6362288118253611,0.7456004409132521,0.7649382318907406,0.7684092377884559,0.7690493045836775,predict
PS-11_unicycler_I3+N3_99127_S4_length_4238153_depth_1.00x_circular_true/92253-95179,0.6362145310401306,0.7455874538422516,0.7649347703492391,0.7684084541038863,0.7690493003633245,predict
PS-11_unicycler_I3+N3_99127_S4_length_4238153_depth_1.00x_circular_true/168217-171143,0.6362502877516811,0.7456047302206542,0.7649406984212858,0.7684111240077861,0.7690498088419192,predict
PS-11_unicycler_I3+N3_99127_S4_length_4238153_depth_1.00x_circular_true/616649-619577,0.6361811333344661,0.7455550268644434,0.7649216125929457,0.7684044092655388,0.7690481373671092,predict
PS-11_unicycler_I3+N3_99127_S4_length_4238153_depth_1.00x_circular_true/92415-95185,0.636432337469286,0.7456084405363739,0.7649363621587103,0.768407435785186,0.7690470908696789,predict
PS-11_unicycler_I3+N3_99127_S4_length_4238153_depth_1.00x_circular_true/162771-165541,0.6364473514047896,0.7456223287290883,0.764940260157856,0.7684086078604762,0.7690471405101946,predict
PS-11_unicycler_I3+N3_99127_S4_length_4238153_depth_1.00x_circular_true/168379-171149,0.6364693520422935,0.7456267104979931,0.7649425438907873,0.7684105616035806,0.7690476947296333,predict
PS-11_unicycler_I3+N3_99127_S4_length_4238153_depth_1.00x_circular_true/616811-619583,0.6363976206570315,0.7455744281624297,0.7649229346302734,0.7684036841434275,0.7690459986862399,predict
PS-54_Unicycler_I2+N2_99127_S1_length_4270309_depth_1.00x_circular_true/917038-919967,0.6362973212383998,0.7456134814501293,0.764944947557648,0.7684119464030601,0.76905012759246,predict
PS-54_Unicycler_I2+N2_99127_S1_length_4270309_depth_1.00x_circular_true/625507-628436,0.6362823965540761,0.7456119933175014,0.7649449198718751,0.7684119316772926,0.7690500085375697,predict
PS-54_Unicycler_I2+N2_99127_S1_length_4270309_depth_1.00x_circular_true/917040-919967,0.6362837519548458,0.7456042842569774,0.7649433571594795,0.7684117703470029,0.7690499137924315,predict
PS-54_Unicycler_I2+N2_99127_S1_length_4270309_depth_1.00x_circular_true/625509-628436,0.6362689753191211,0.7456027937845987,0.7649433294301621,0.7684117555980666,0.7690497945501623,predict
PS-54_Unicycler_I2+N2_99127_S1_length_4270309_depth_1.00x_circular_true/917202-920070,0.6372227283690668,0.7458947396667741,0.7650225441819593,0.7684328457216472,0.7690542311329068,predict
PS-54_Unicycler_I2+N2_99127_S1_length_4270309_depth_1.00x_circular_true/625671-628425,0.6362108901567907,0.7455308542175837,0.7649232470617744,0.7684061750116585,0.7690463539314331,predict
PS-20_unicycler_I3+N3-N1cc_99127_S4_length_4040387_depth_1.00x_circular_true/90460-92011,0.6370369292094306,0.746323461600692,0.7651622764904502,0.7684280944104678,0.769019237821213,predict
PS-20_unicycler_I3+N3-N1cc_99127_S4_length_4040387_depth_1.00x_circular_true/895731-897279,0.6371318451812911,0.7463613460105185,0.7651703497483241,0.7684297188457125,0.7690189322857477,predict
PS-20_unicycler_I3+N3-N1cc_99127_S4_length_4040387_depth_1.00x_circular_true/3002957-3001409,0.637102101092834,0.7463606576834307,0.7651692672857828,0.7684284190662741,0.7690180327705358,predict
PS-20_unicycler_I3+N3-N1cc_99127_S4_length_4040387_depth_1.00x_circular_true/30279-31829,0.6370262843674636,0.7463367381222135,0.7651693884176978,0.7684277216612867,0.7690189870970241,predict
PS-20_unicycler_I3+N3-N1cc_99127_S4_length_4040387_depth_1.00x_circular_true/96319-97868,0.6371842554337301,0.7463762195901875,0.7651739769715308,0.7684308215059958,0.7690194895407162,predict
PS-20_unicycler_I3+N3-N1cc_99127_S4_length_4040387_depth_1.00x_circular_true/160821-162368,0.6371906650641922,0.7463857710616437,0.7651766811972942,0.7684304967371606,0.7690189478296587,predict
PS-20_unicycler_I3+N3-N1cc_99127_S4_length_4040387_depth_1.00x_circular_true/9812-11359,0.6370788491673613,0.7463569339964563,0.7651717457400998,0.7684274081676268,0.7690185825314158,predict
PS-20_unicycler_I3+N3-N1cc_99127_S4_length_4040387_depth_1.00x_circular_true/166512-168062,0.636969813380731,0.746292913518488,0.76514285141543,0.7684211413522131,0.7690173432115222,predict
PS-20_unicycler_I3+N3-N1cc_99127_S4_length_4040387_depth_1.00x_circular_true/90465-92009,0.6367303964547024,0.7462313914822893,0.7651453159632158,0.768425325975354,0.7690183381388498,predict
PS-20_unicycler_I3+N3-N1cc_99127_S4_length_4040387_depth_1.00x_circular_true/895736-897277,0.6368278009963534,0.7462698663836834,0.7651535056059641,0.7684269763266065,0.7690180309746317,predict
PS-20_unicycler_I3+N3-N1cc_99127_S4_length_4040387_depth_1.00x_circular_true/3002952-3001411,0.6367953798930072,0.7462688693679095,0.7651527783772037,0.7684257237742765,0.7690171220152987,predict
PS-20_unicycler_I3+N3-N1cc_99127_S4_length_4040387_depth_1.00x_circular_true/30284-31827,0.6367197099453032,0.7462461234811247,0.7651531285622379,0.7684250129498964,0.7690180853097307,predict
PS-20_unicycler_I3+N3-N1cc_99127_S4_length_4040387_depth_1.00x_circular_true/160826-162366,0.636887948443099,0.7462949791759537,0.7651600768474269,0.7684277653756073,0.769018047210821,predict
PS-20_unicycler_I3+N3-N1cc_99127_S4_length_4040387_depth_1.00x_circular_true/96324-97866,0.6368830409936442,0.7462859530130532,0.7651574107062489,0.7684280875694083,0.7690185935498547,predict
PS-20_unicycler_I3+N3-N1cc_99127_S4_length_4040387_depth_1.00x_circular_true/9817-11357,0.636771964613925,0.7462656108711567,0.7651552941018404,0.7684247053346194,0.7690176780747641,predict
PS-20_unicycler_I3+N3-N1cc_99127_S4_length_4040387_depth_1.00x_circular_true/166517-168060,0.6366603116770269,0.7462002109805886,0.7651254353263179,0.7684183030050141,0.769016424187353,predict
PS-20_unicycler_I3+N3-N1cc_99127_S4_length_4040387_depth_1.00x_circular_true/90465-92006,0.6366259180265706,0.7461990900307688,0.7651382765800268,0.7684230199102409,0.7690175970552152,predict
PS-20_unicycler_I3+N3-N1cc_99127_S4_length_4040387_depth_1.00x_circular_true/895736-897274,0.6367235405461829,0.7462374437091527,0.7651465179582149,0.7684246765043835,0.7690172876005731,predict
PS-20_unicycler_I3+N3-N1cc_99127_S4_length_4040387_depth_1.00x_circular_true/3002952-3001414,0.636691631152961,0.7462368220095469,0.7651457874605895,0.7684234183182089,0.7690163745501728,predict
PS-20_unicycler_I3+N3-N1cc_99127_S4_length_4040387_depth_1.00x_circular_true/160826-162363,0.6367843044763773,0.7462627080613349,0.7651531237964402,0.7684254687184935,0.7690173036060919,predict
PS-20_unicycler_I3+N3-N1cc_99127_S4_length_4040387_depth_1.00x_circular_true/30284-31824,0.6366155282978143,0.7462138960128729,0.7651458779073554,0.7684227050841147,0.7690173427871196,predict
PS-20_unicycler_I3+N3-N1cc_99127_S4_length_4040387_depth_1.00x_circular_true/9817-11354,0.6366671994473463,0.7462331781647042,0.7651483195385824,0.768422394904795,0.7690169328075336,predict
PS-20_unicycler_I3+N3-N1cc_99127_S4_length_4040387_depth_1.00x_circular_true/96324-97863,0.6367792821165666,0.7462535640138228,0.765150183908193,0.7684257931296011,0.7690178530098677,predict
PS-20_unicycler_I3+N3-N1cc_99127_S4_length_4040387_depth_1.00x_circular_true/166517-168057,0.6365540134139639,0.7461670351207642,0.7651180603533793,0.768415964997924,0.7690156741980608,predict
PS-20_unicycler_I3+N3-N1cc_99127_S4_length_4040387_depth_1.00x_circular_true/897448-900376,0.6362286588637714,0.7455966682118734,0.7649352901324109,0.7684080662158167,0.7690492892930257,predict
PS-20_unicycler_I3+N3-N1cc_99127_S4_length_4040387_depth_1.00x_circular_true/32174-35103,0.6362248783294999,0.7456002173319732,0.7649427857695836,0.7684115539830315,0.7690504722210771,predict
PS-20_unicycler_I3+N3-N1cc_99127_S4_length_4040387_depth_1.00x_circular_true/3001240-2998311,0.6362781822152141,0.7456141033893152,0.7649411428447038,0.7684072692163305,0.7690485145918009,predict
PS-20_unicycler_I3+N3-N1cc_99127_S4_length_4040387_depth_1.00x_circular_true/607262-610192,0.6362638318940014,0.745597152472172,0.7649351491981761,0.768408405710699,0.7690494557472006,predict
PS-20_unicycler_I3+N3-N1cc_99127_S4_length_4040387_depth_1.00x_circular_true/98037-100966,0.6362313969599172,0.745599137756972,0.7649397233317066,0.7684108050375557,0.7690500750835506,predict
PS-20_unicycler_I3+N3-N1cc_99127_S4_length_4040387_depth_1.00x_circular_true/162537-165465,0.636213893828839,0.7455904893547133,0.7649337756684935,0.7684076054868282,0.7690491148683729,predict
PS-20_unicycler_I3+N3-N1cc_99127_S4_length_4040387_depth_1.00x_circular_true/897450-900376,0.6362145310401306,0.7455874538422516,0.7649336862849576,0.7684078844870684,0.7690490741313413,predict
PS-20_unicycler_I3+N3-N1cc_99127_S4_length_4040387_depth_1.00x_circular_true/98039-100966,0.6362175346925637,0.7455900263149208,0.76493812471682,0.7684106271857326,0.769049861200879,predict
PS-20_unicycler_I3+N3-N1cc_99127_S4_length_4040387_depth_1.00x_circular_true/32176-35103,0.6362108432847563,0.7455909992840061,0.7649411919713319,0.7684113773095608,0.7690502589634552,predict
PS-20_unicycler_I3+N3-N1cc_99127_S4_length_4040387_depth_1.00x_circular_true/3001238-2998311,0.6362645650662168,0.7456050154773243,0.7649394653640178,0.7684070858014282,0.7690482982530918,predict
PS-20_unicycler_I3+N3-N1cc_99127_S4_length_4040387_depth_1.00x_circular_true/607264-610192,0.6362499387596848,0.7455879203626834,0.7649335416520896,0.7684082236522036,0.7690492409319373,predict
PS-20_unicycler_I3+N3-N1cc_99127_S4_length_4040387_depth_1.00x_circular_true/162539-165465,0.6361999143534105,0.7455813818405267,0.7649322510484955,0.7684074230329447,0.7690488994320697,predict
PS-20_unicycler_I3+N3-N1cc_99127_S4_length_4040387_depth_1.00x_circular_true/3001076-2998322,0.6362045763674243,0.7455316461010606,0.7649186794546111,0.7684015384129262,0.7690447945154906,predict
PS-20_unicycler_I3+N3-N1cc_99127_S4_length_4040387_depth_1.00x_circular_true/897612-900479,0.6371372826517093,0.745866147192266,0.7650099185037419,0.7684291821952809,0.7690534323644189,predict
PS-20_unicycler_I3+N3-N1cc_99127_S4_length_4040387_depth_1.00x_circular_true/607426-610181,0.6361897990857278,0.7455148728156631,0.7649132142654411,0.7684026689734965,0.7690458550717318,predict
PS-20_unicycler_I3+N3-N1cc_99127_S4_length_4040387_depth_1.00x_circular_true/98201-100955,0.6361715764454172,0.7455195126056022,0.7649192280750705,0.7684053264445898,0.7690465335207113,predict
PS-20_unicycler_I3+N3-N1cc_99127_S4_length_4040387_depth_1.00x_circular_true/32338-35109,0.6364285557079549,0.7456140232296627,0.764944330295725,0.7684109501914195,0.7690481720777419,predict
PS-20_unicycler_I3+N3-N1cc_99127_S4_length_4040387_depth_1.00x_circular_true/168395-171148,0.6361531817490784,0.7455147329472563,0.7649137519213699,0.7684023829407601,0.7690455201073206,predict
PS-20_unicycler_I3+N3-N1cc_99127_S4_length_4040387_depth_1.00x_circular_true/162701-165454,0.636136668894323,0.7455079870279646,0.7649122149071077,0.7684021183239617,0.7690455792673849,predict
PS-209_unicycler_I1+Pcct_33557799127_S5_length_4101484_depth_1.00x_circular_true/162544-165473,0.636286595554216,0.7456163574456643,0.7649450075014073,0.7684119465055099,0.7690499263568135,predict
PS-209_unicycler_I1+Pcct_33557799127_S5_length_4101484_depth_1.00x_circular_true/162546-165473,0.6362726575126452,0.7456071647743627,0.764943417197519,0.768411770449614,0.7690497122400628,predict
PS-209_unicycler_I1+Pcct_33557799127_S5_length_4101484_depth_1.00x_circular_true/180226-182980,0.6362161024045646,0.7455350420205533,0.7649233461475587,0.768406433818927,0.7690462958346298,predict
PS-209_unicycler_I1+Pcct_33557799127_S5_length_4101484_depth_1.00x_circular_true/162708-165479,0.6364927631512239,0.7456285624705123,0.7649451935715177,0.7684111184668544,0.7690474929707625,predict
PS-64_Unicycler_I2+N2_99127_S1_length.../14692-14807,0.6370270392051892,0.7442166893755363,0.7635092913914755,0.7668571483973394,0.7675196979108072,predict
PS-55_Unicycler_I2+N2_99127_S1_length_4270309_depth_1.00x_circular_true/3226067-3225952,0.6374980059825663,0.7447986155713304,0.7634569105935975,0.7667610334828607,0.7674761549102769,predict
PS-55_Unicycler_I2+N2_99127_S1_length_4270309_depth_1.00x_circular_true/3228888-3226134,0.6361548834697761,0.7455125909134531,0.7649131878310765,0.7684024929744034,0.7690456283703041,predict
PS-108_unicycler_I3+Pcct_99127_S6_length_4146198_depth_1.00x_circular_true/171073-171188,0.6372836070552687,0.7437346403732783,0.7630153222775602,0.7664834800127376,0.767301982908156,predict
PS-108_unicycler_I3+Pcct_99127_S6_length_4146198_depth_1.00x_circular_true/166370-167919,0.6370932975247432,0.7463508059040838,0.7651668077237248,0.7684307328844344,0.7690185443562763,predict
PS-108_unicycler_I3+Pcct_99127_S6_length_4146198_depth_1.00x_circular_true/30218-31767,0.6370857992998941,0.7463605405945398,0.7651724767943425,0.7684294803558822,0.7690188781125682,predict
PS-108_unicycler_I3+Pcct_99127_S6_length_4146198_depth_1.00x_circular_true/30223-31765,0.6367805536384316,0.7462682373021966,0.7651556913568084,0.7684267931306311,0.7690179757064306,predict
PS-108_unicycler_I3+Pcct_99127_S6_length_4146198_depth_1.00x_circular_true/166375-167917,0.6367840467209251,0.7462589245201949,0.7651506032612488,0.7684280587925063,0.7690176384482738,predict
PS-108_unicycler_I3+Pcct_99127_S6_length_4146198_depth_1.00x_circular_true/30223-31762,0.6366769906719113,0.7462365581441505,0.7651487085083756,0.7684244928723716,0.7690172323874509,predict
PS-108_unicycler_I3+Pcct_99127_S6_length_4146198_depth_1.00x_circular_true/166375-167914,0.6366818156776973,0.7462272035560211,0.7651435975569119,0.7684257642233481,0.7690168936123435,predict
PS-108_unicycler_I3+Pcct_99127_S6_length_4146198_depth_1.00x_circular_true/32113-35042,0.6362463216442408,0.7455935984528279,0.7649335224636238,0.7684076084574744,0.769048808531871,predict
PS-108_unicycler_I3+Pcct_99127_S6_length_4146198_depth_1.00x_circular_true/92117-95046,0.6363335341591295,0.7456260124334042,0.7649431095439875,0.7684108871617172,0.7690493924420476,predict
PS-108_unicycler_I3+Pcct_99127_S6_length_4146198_depth_1.00x_circular_true/162474-165403,0.636318773504743,0.745627665420013,0.764944818964491,0.7684115257320265,0.7690498345677952,predict
PS-108_unicycler_I3+Pcct_99127_S6_length_4146198_depth_1.00x_circular_true/904673-907602,0.6362161370168573,0.7455939815369448,0.7649348396562226,0.7684083432092185,0.7690492846649915,predict
PS-108_unicycler_I3+Pcct_99127_S6_length_4146198_depth_1.00x_circular_true/11644-14573,0.6362570814526262,0.745601565011532,0.7649380118568936,0.7684088154687159,0.7690494158879232,predict
PS-108_unicycler_I3+Pcct_99127_S6_length_4146198_depth_1.00x_circular_true/3074933-3072004,0.6362161370168573,0.7455882368203944,0.7649376219032201,0.7684100339050604,0.7690493957884131,predict
PS-108_unicycler_I3+Pcct_99127_S6_length_4146198_depth_1.00x_circular_true/92119-95046,0.6363198413207883,0.7456168349423795,0.7649415162549715,0.7684107094391043,0.7690491774849755,predict
PS-108_unicycler_I3+Pcct_99127_S6_length_4146198_depth_1.00x_circular_true/162476-165403,0.6363052289728125,0.7456184905279346,0.7649432283640698,0.7684113490141072,0.769049620306579,predict
PS-108_unicycler_I3+Pcct_99127_S6_length_4146198_depth_1.00x_circular_true/32115-35042,0.6362323113282884,0.7455843699981753,0.764931914095946,0.7684074255763167,0.7690485926557903,predict
PS-108_unicycler_I3+Pcct_99127_S6_length_4146198_depth_1.00x_circular_true/11646-14573,0.6362434399570874,0.745592349082485,0.7649364105501811,0.7684086344866076,0.7690492009677522,predict
PS-108_unicycler_I3+Pcct_99127_S6_length_4146198_depth_1.00x_circular_true/904675-907602,0.6362024223491991,0.7455848619879079,0.7649332333602392,0.7684081614840814,0.7690490695382906,predict
PS-108_unicycler_I3+Pcct_99127_S6_length_4146198_depth_1.00x_circular_true/3074931-3072004,0.6362024223491991,0.7455792247211203,0.7649360899422657,0.7684098548399771,0.7690491808366078,predict
PS-108_unicycler_I3+Pcct_99127_S6_length_4146198_depth_1.00x_circular_true/904837-907703,0.637100643240337,0.7458618804498085,0.7650092472544942,0.7684291107703289,0.7690533406131377,predict
PS-108_unicycler_I3+Pcct_99127_S6_length_4146198_depth_1.00x_circular_true/162638-165409,0.6365261822431301,0.7456416870077025,0.7649452287659868,0.7684106329561896,0.7690474318085267,predict
PS-108_unicycler_I3+Pcct_99127_S6_length_4146198_depth_1.00x_circular_true/92281-95062,0.6365184155831056,0.7456488050895241,0.764947898986445,0.7684113431832145,0.769047391184468,predict
PS-108_unicycler_I3+Pcct_99127_S6_length_4146198_depth_1.00x_circular_true/32277-35058,0.6364280529991407,0.7456143557195417,0.7649377863698259,0.7684078559832694,0.7690467992036489,predict
PS-108_unicycler_I3+Pcct_99127_S6_length_4146198_depth_1.00x_circular_true/11808-14579,0.6364620024619333,0.7456128541246352,0.7649380442741639,0.7684076551177911,0.7690470741856319,predict
PS-108_unicycler_I3+Pcct_99127_S6_length_4146198_depth_1.00x_circular_true/3074769-3072063,0.6363110883479606,0.7455156781690915,0.7649125308969655,0.7684006986461742,0.7690440769135288,predict
PS-15_unicycler_I1+N1cc_99127_S7_length_4101297_depth_1.00x_circular_true/30217-31766,0.6369848237546847,0.7463329711146798,0.7651713068988053,0.7684287915868051,0.7690193804380666,predict
PS-15_unicycler_I1+N1cc_99127_S7_length_4101297_depth_1.00x_circular_true/30222-31764,0.6366755244010118,0.7462412663702018,0.7651548281442799,0.768425883168927,0.7690184833024695,predict
PS-15_unicycler_I1+N1cc_99127_S7_length_4101297_depth_1.00x_circular_true/30222-31761,0.6365721475669773,0.7462094661366033,0.765147841418266,0.7684235788204247,0.7690177422666017,predict
PS-15_unicycler_I1+N1cc_99127_S7_length_4101297_depth_1.00x_circular_true/913914-916781,0.6371730417328269,0.7458752443108401,0.7650158345485549,0.7684312928662536,0.7690537434503919,predict
PS-130_Unicycler_I2+N2_99127_S1_length_4146199_depth_1.00x_circular_true/92117-95046,0.6362720061369498,0.7455997943942938,0.764938654523123,0.7684099430961425,0.7690491352669228,predict
PS-130_Unicycler_I2+N2_99127_S1_length_4146199_depth_1.00x_circular_true/92119-95046,0.636258216592812,0.745590575681353,0.7649370542272029,0.7684097638881853,0.7690489199050861,predict
PS-130_Unicycler_I2+N2_99127_S1_length_4146199_depth_1.00x_circular_true/92281-95062,0.6364546829470611,0.745620069140195,0.7649428001290706,0.7684101766768001,0.7690470675565527,predict
PS-68_unicycler_I3+Pcct_33557799127_S6_length_4124408_depth_1.00x_circular_true/90537-92086,0.6371559028020116,0.7463723262424852,0.7651755049068147,0.7684316088136001,0.7690191166322995,predict
PS-68_unicycler_I3+Pcct_33557799127_S6_length_4124408_depth_1.00x_circular_true/90542-92084,0.6368561132646192,0.746280091573475,0.7651585006521985,0.7684289439061815,0.7690182167287781,predict
PS-68_unicycler_I3+Pcct_33557799127_S6_length_4124408_depth_1.00x_circular_true/90542-92081,0.6367528331527491,0.746249244990054,0.7651517864506789,0.7684268278025224,0.7690174744938908,predict
PS-25_unicycler_I1+N1cc_33557799127_S7_length_4122194_depth_1.00x_circular_true/3094858-3093311,0.6371608767637641,0.7463824232151791,0.7651739255710771,0.7684292983461241,0.7690180906368204,predict
PS-25_unicycler_I1+N1cc_33557799127_S7_length_4122194_depth_1.00x_circular_true/901389-902936,0.6370788491673613,0.746343235467953,0.7651643465550952,0.7684271034490979,0.7690180087739067,predict
PS-25_unicycler_I1+N1cc_33557799127_S7_length_4122194_depth_1.00x_circular_true/3094853-3093313,0.6368554789296341,0.7462909279686009,0.7651574968042173,0.7684266153583339,0.7690171810123366,predict
PS-25_unicycler_I1+N1cc_33557799127_S7_length_4122194_depth_1.00x_circular_true/901394-902934,0.636771964613925,0.7462512525854008,0.7651471862933069,0.7684243364609947,0.7690170982893733,predict
PS-25_unicycler_I1+N1cc_33557799127_S7_length_4122194_depth_1.00x_circular_true/3094853-3093316,0.6367523473441283,0.7462590190073327,0.7651505321484758,0.768424313525193,0.7690164335064545,predict
PS-25_unicycler_I1+N1cc_33557799127_S7_length_4122194_depth_1.00x_circular_true/901394-902931,0.6366671994473463,0.7462184195284786,0.7651399228346579,0.7684220243709345,0.7690163504109265,predict
PS-25_unicycler_I1+N1cc_33557799127_S7_length_4122194_depth_1.00x_circular_true/903105-906030,0.6362699732740832,0.745616356640267,0.7649386446629739,0.7684086707306855,0.7690493952920955,predict
PS-25_unicycler_I1+N1cc_33557799127_S7_length_4122194_depth_1.00x_circular_true/3093142-3090216,0.636192874638915,0.745595736427921,0.764935112873261,0.7684083187084916,0.7690494408602814,predict
PS-25_unicycler_I1+N1cc_33557799127_S7_length_4122194_depth_1.00x_circular_true/3093140-3090216,0.6361785108190533,0.7455865391571485,0.764933512235738,0.7684081382438589,0.7690492258528439,predict
PS-25_unicycler_I1+N1cc_33557799127_S7_length_4122194_depth_1.00x_circular_true/903107-906030,0.6362559843742555,0.7456072011408782,0.7649370513368051,0.7684084912550558,0.769049180170642,predict
PS-25_unicycler_I1+N1cc_33557799127_S7_length_4122194_depth_1.00x_circular_true/903269-906132,0.6371789533798198,0.7458879288236362,0.7650142421202809,0.7684297840993614,0.7690536055914836,predict
PS-25_unicycler_I1+N1cc_33557799127_S7_length_4122194_depth_1.00x_circular_true/3092978-3090227,0.6361158749007408,0.7455140865901518,0.7649139261622768,0.7684028939494589,0.7690459224384001,predict
PS-237_unicycler_I3+N3_99127_S2_length_4142759_depth_1.00x_circular_true/11707-14635,0.6362758236865892,0.7456043903322405,0.7649379555591505,0.7684091526122285,0.7690492720498259,predict
PS-237_unicycler_I3+N3_99127_S2_length_4142759_depth_1.00x_circular_true/98107-101034,0.6362434399570874,0.7455983853477014,0.7649358541778881,0.7684083062186794,0.7690492045242229,predict
PS-237_unicycler_I3+N3_99127_S2_length_4142759_depth_1.00x_circular_true/11709-14635,0.6362619415818064,0.7455950717280355,0.7649363559053424,0.7684089725933454,0.7690490568609932,predict
PS-237_unicycler_I3+N3_99127_S2_length_4142759_depth_1.00x_circular_true/98109-101034,0.6362295888846369,0.7455891829543578,0.7649341717351219,0.768408125300679,0.7690489891867587,predict
PS-237_unicycler_I3+N3_99127_S2_length_4142759_depth_1.00x_circular_true/11871-14641,0.6364813927611257,0.7456164211215973,0.7649376203915728,0.7684082081104435,0.7690468594812927,predict
PS-237_unicycler_I3+N3_99127_S2_length_4142759_depth_1.00x_circular_true/98271-101040,0.6364478427241809,0.7456093844378591,0.7649354592325484,0.768407317133361,0.7690468010658787,predict
